Date,ID,Coffee,Milk
2009/10/29,4,4,0
2009/10/29,7,12,0
2009/10/29,10,2,0
2009/10/29,28,10,0
2009/10/29,34,5,0
2009/10/29,40,4,0
2009/10/29,51,4,0
2009/10/29,81,7,0
2009/10/29,99,14,0
2009/10/29,102,16,0
2009/10/29,113,3,0
2009/10/29,117,3,0
2009/10/29,120,8,0
2009/10/29,130,4,0
2009/10/29,132,1,0
2009/10/29,141,1,0
2009/10/29,147,13,0
2009/10/29,168,2,0
2009/10/29,170,2,0
2009/10/29,172,1,0
2009/10/29,177,1,0
2009/10/29,188,1,0
2009/10/29,187,1,0
2009/10/29,191,6,0
2009/10/29,198,15,0
2009/10/29,201,3,0
2009/10/29,202,6,0
2009/10/29,212,9,0
2009/10/29,214,9,0
2009/12/01,4,10,0
2009/12/01,7,22,0
2009/12/01,10,4,0
2009/12/01,17,2,0
2009/12/01,28,35,0
2009/12/01,29,1,0
2009/12/01,34,4,0
2009/12/01,37,1,0
2009/12/01,40,4,0
2009/12/01,45,1,0
2009/12/01,51,11,0
2009/12/01,76,5,0
2009/12/01,81,12,0
2009/12/01,99,28,0
2009/12/01,100,1,0
2009/12/01,102,43,0
2009/12/01,105,6,0
2009/12/01,110,1,0
2009/12/01,117,4,0
2009/12/01,120,16,0
2009/12/01,122,35,0
2009/12/01,124,1,0
2009/12/01,130,23,0
2009/12/01,132,5,0
2009/12/01,136,10,0
2009/12/01,147,19,0
2009/12/01,153,18,0
2009/12/01,161,16,0
2009/12/01,168,10,0
2009/12/01,170,3,0
2009/12/01,172,8,0
2009/12/01,177,2,0
2009/12/01,184,6,0
2009/12/01,188,10,0
2009/12/01,191,11,0
2009/12/01,198,30,0
2009/12/01,199,21,0
2009/12/01,201,1,0
2009/12/01,202,13,0
2009/12/01,204,2,0
2009/12/01,212,33,0
2009/12/01,214,13,0
2009/12/01,243,10,0
2010/01/28,1,4,0
2010/01/28,4,5,0
2010/01/28,7,36,0
2010/01/28,10,5,0
2010/01/28,17,10,0
2010/01/28,18,3,0
2010/01/28,28,43,0
2010/01/28,29,6,0
2010/01/28,33,3,0
2010/01/28,34,4,0
2010/01/28,37,2,0
2010/01/28,40,7,0
2010/01/28,51,22,0
2010/01/28,55,15,0
2010/01/28,76,24,0
2010/01/28,81,20,0
2010/01/28,82,2,0
2010/01/28,92,1,0
2010/01/28,99,18,0
2010/01/28,102,51,0
2010/01/28,105,5,0
2010/01/28,117,5,0
2010/01/28,120,22,0
2010/01/28,122,41,0
2010/01/28,126,1,0
2010/01/28,130,7,0
2010/01/28,132,11,0
2010/01/28,136,2,0
2010/01/28,137,8,0
2010/01/28,147,40,0
2010/01/28,153,53,0
2010/01/28,159,10,0
2010/01/28,161,12,0
2010/01/28,163,6,0
2010/01/28,168,15,0
2010/01/28,170,12,0
2010/01/28,172,31,0
2010/01/28,182,4,0
2010/01/28,184,5,0
2010/01/28,188,16,0
2010/01/28,191,10,0
2010/01/28,198,58,0
2010/01/28,199,32,0
2010/01/28,202,12,0
2010/01/28,204,8,0
2010/01/28,212,14,0
2010/01/28,214,20,0
2010/01/28,220,11,0
2010/01/28,226,7,0
2010/01/28,242,17,0
2010/01/28,243,9,0
2010/03/05,1,14,0
2010/03/05,4,3,0
2010/03/05,7,13,0
2010/03/05,10,6,0
2010/03/05,17,14,0
2010/03/05,18,7,0
2010/03/05,28,33,0
2010/03/05,29,10,0
2010/03/05,33,2,0
2010/03/05,34,2,0
2010/03/05,37,1,0
2010/03/05,39,4,0
2010/03/05,40,2,0
2010/03/05,43,5,0
2010/03/05,51,11,0
2010/03/05,55,36,0
2010/03/05,76,14,0
2010/03/05,81,20,0
2010/03/05,89,20,0
2010/03/05,99,31,0
2010/03/05,102,26,0
2010/03/05,105,14,0
2010/03/05,113,1,0
2010/03/05,117,2,0
2010/03/05,120,18,0
2010/03/05,122,29,0
2010/03/05,126,4,0
2010/03/05,130,17,0
2010/03/05,132,14,0
2010/03/05,136,5,0
2010/03/05,137,12,0
2010/03/05,147,31,0
2010/03/05,153,25,0
2010/03/05,159,10,0
2010/03/05,161,11,0
2010/03/05,163,7,0
2010/03/05,168,4,0
2010/03/05,170,10,0
2010/03/05,172,26,0
2010/03/05,182,7,0
2010/03/05,184,7,0
2010/03/05,188,7,0
2010/03/05,191,15,0
2010/03/05,198,52,0
2010/03/05,199,32,0
2010/03/05,202,11,0
2010/03/05,204,14,0
2010/03/05,207,7,0
2010/03/05,212,20,0
2010/03/05,214,8,0
2010/03/05,220,4,0
2010/03/05,226,3,0
2010/03/05,228,1,0
2010/03/05,242,17,0
2010/04/29,1,18,0
2010/04/29,4,8,0
2010/04/29,6,6,0
2010/04/29,7,50,0
2010/04/29,10,12,0
2010/04/29,17,23,0
2010/04/29,18,7,0
2010/04/29,28,53,0
2010/04/29,29,10,0
2010/04/29,33,1,0
2010/04/29,34,4,0
2010/04/29,37,6,0
2010/04/29,40,8,0
2010/04/29,43,38,0
2010/04/29,51,22,0
2010/04/29,53,1,0
2010/04/29,55,80,0
2010/04/29,75,8,0
2010/04/29,76,13,0
2010/04/29,81,23,0
2010/04/29,82,5,0
2010/04/29,89,31,0
2010/04/29,99,43,0
2010/04/29,102,48,0
2010/04/29,105,47,0
2010/04/29,113,1,0
2010/04/29,117,11,0
2010/04/29,118,1,0
2010/04/29,120,39,0
2010/04/29,122,44,0
2010/04/29,126,9,0
2010/04/29,130,42,0
2010/04/29,132,19,0
2010/04/29,133,3,0
2010/04/29,136,19,0
2010/04/29,137,23,0
2010/04/29,147,44,0
2010/04/29,153,26,0
2010/04/29,159,10,0
2010/04/29,161,30,0
2010/04/29,163,29,0
2010/04/29,164,13,0
2010/04/29,168,4,0
2010/04/29,170,20,0
2010/04/29,172,34,0
2010/04/29,179,6,0
2010/04/29,182,10,0
2010/04/29,184,23,0
2010/04/29,185,4,0
2010/04/29,188,31,0
2010/04/29,191,14,0
2010/04/29,193,3,0
2010/04/29,198,95,0
2010/04/29,199,54,0
2010/04/29,202,24,0
2010/04/29,204,15,0
2010/04/29,207,33,0
2010/04/29,212,35,0
2010/04/29,214,35,0
2010/04/29,220,17,0
2010/04/29,224,15,0
2010/04/29,228,12,0
2010/04/29,242,51,0
2010/08/04,4,15,0
2010/08/04,6,19,0
2010/08/04,7,62,0
2010/08/04,10,6,0
2010/08/04,13,17,0
2010/08/04,15,5,0
2010/08/04,17,25,0
2010/08/04,18,47,0
2010/08/04,26,15,0
2010/08/04,28,103,0
2010/08/04,29,2,0
2010/08/04,30,13,0
2010/08/04,33,16,0
2010/08/04,34,2,0
2010/08/04,40,26,0
2010/08/04,42,2,0
2010/08/04,43,4,0
2010/08/04,51,36,0
2010/08/04,53,2,0
2010/08/04,55,70,0
2010/08/04,56,10,0
2010/08/04,71,16,0
2010/08/04,75,55,0
2010/08/04,76,18,0
2010/08/04,81,6,0
2010/08/04,84,61,0
2010/08/04,89,46,0
2010/08/04,90,1,0
2010/08/04,94,57,0
2010/08/04,99,57,0
2010/08/04,102,56,0
2010/08/04,105,6,0
2010/08/04,109,17,0
2010/08/04,117,9,0
2010/08/04,120,34,0
2010/08/04,121,10,0
2010/08/04,122,72,0
2010/08/04,126,20,0
2010/08/04,130,15,0
2010/08/04,132,11,0
2010/08/04,136,9,0
2010/08/04,137,5,0
2010/08/04,147,68,0
2010/08/04,153,24,0
2010/08/04,159,14,0
2010/08/04,161,34,0
2010/08/04,162,12,0
2010/08/04,163,31,0
2010/08/04,164,1,0
2010/08/04,166,12,0
2010/08/04,172,80,0
2010/08/04,173,4,0
2010/08/04,179,52,0
2010/08/04,182,38,0
2010/08/04,184,22,0
2010/08/04,185,10,0
2010/08/04,188,18,0
2010/08/04,191,11,0
2010/08/04,195,6,0
2010/08/04,198,109,0
2010/08/04,199,64,0
2010/08/04,201,34,0
2010/08/04,202,46,0
2010/08/04,204,5,0
2010/08/04,207,19,0
2010/08/04,212,77,0
2010/08/04,214,12,0
2010/08/04,224,21,0
2010/08/04,228,5,0
2010/08/04,238,8,0
2010/08/04,242,41,0
2010/08/04,245,6,0
2010/09/27,4,11,0
2010/09/27,6,11,0
2010/09/27,7,29,0
2010/09/27,12,5,0
2010/09/27,15,10,0
2010/09/27,17,11,0
2010/09/27,18,33,0
2010/09/27,26,4,0
2010/09/27,28,37,0
2010/09/27,30,18,0
2010/09/27,33,31,0
2010/09/27,35,9,0
2010/09/27,37,3,0
2010/09/27,40,10,0
2010/09/27,41,3,0
2010/09/27,43,2,0
2010/09/27,51,12,0
2010/09/27,55,47,0
2010/09/27,57,5,0
2010/09/27,62,3,0
2010/09/27,67,8,0
2010/09/27,70,5,0
2010/09/27,71,4,0
2010/09/27,75,51,0
2010/09/27,76,4,0
2010/09/27,81,12,0
2010/09/27,84,37,0
2010/09/27,89,14,0
2010/09/27,90,14,0
2010/09/27,94,42,0
2010/09/27,99,37,0
2010/09/27,102,53,0
2010/09/27,105,6,0
2010/09/27,109,22,0
2010/09/27,110,2,0
2010/09/27,117,2,0
2010/09/27,120,17,0
2010/09/27,122,15,0
2010/09/27,124,1,0
2010/09/27,126,23,0
2010/09/27,128,7,0
2010/09/27,130,25,0
2010/09/27,132,5,0
2010/09/27,136,8,0
2010/09/27,137,24,0
2010/09/27,147,33,0
2010/09/27,153,12,0
2010/09/27,159,2,0
2010/09/27,161,22,0
2010/09/27,163,19,0
2010/09/27,172,47,0
2010/09/27,177,4,0
2010/09/27,178,5,0
2010/09/27,182,11,0
2010/09/27,188,10,0
2010/09/27,191,20,0
2010/09/27,198,58,0
2010/09/27,199,36,0
2010/09/27,201,24,0
2010/09/27,202,39,0
2010/09/27,204,5,0
2010/09/27,206,22,0
2010/09/27,207,5,0
2010/09/27,212,43,0
2010/09/27,214,15,0
2010/09/27,219,14,0
2010/09/27,224,9,0
2010/09/27,228,3,0
2010/09/27,229,5,0
2010/09/27,231,15,0
2010/09/27,234,3,0
2010/09/27,238,8,0
2010/09/27,242,37,0
2010/09/27,245,17,0
2010/11/04,4,10,0
2010/11/04,6,7,0
2010/11/04,7,28,0
2010/11/04,10,6,0
2010/11/04,17,20,0
2010/11/04,18,26,0
2010/11/04,26,5,0
2010/11/04,28,36,0
2010/11/04,30,3,0
2010/11/04,33,32,0
2010/11/04,40,4,0
2010/11/04,41,9,0
2010/11/04,43,2,0
2010/11/04,51,2,0
2010/11/04,55,33,0
2010/11/04,57,5,0
2010/11/04,62,3,0
2010/11/04,67,14,0
2010/11/04,70,15,0
2010/11/04,75,21,0
2010/11/04,78,17,0
2010/11/04,81,18,0
2010/11/04,84,30,0
2010/11/04,89,28,0
2010/11/04,90,14,0
2010/11/04,91,2,0
2010/11/04,94,14,0
2010/11/04,99,8,0
2010/11/04,102,7,0
2010/11/04,105,32,0
2010/11/04,109,16,0
2010/11/04,113,5,0
2010/11/04,116,20,0
2010/11/04,117,7,0
2010/11/04,120,15,0
2010/11/04,122,25,0
2010/11/04,124,3,0
2010/11/04,126,6,0
2010/11/04,128,12,0
2010/11/04,130,17,0
2010/11/04,132,1,0
2010/11/04,136,18,0
2010/11/04,137,38,0
2010/11/04,142,2,0
2010/11/04,147,46,0
2010/11/04,159,8,0
2010/11/04,161,39,0
2010/11/04,163,14,0
2010/11/04,164,17,0
2010/11/04,172,41,0
2010/11/04,177,6,0
2010/11/04,178,2,0
2010/11/04,182,26,0
2010/11/04,184,13,0
2010/11/04,185,8,0
2010/11/04,188,15,0
2010/11/04,191,12,0
2010/11/04,198,69,0
2010/11/04,199,49,0
2010/11/04,201,1,0
2010/11/04,202,31,0
2010/11/04,206,23,0
2010/11/04,207,7,0
2010/11/04,208,8,0
2010/11/04,212,48,0
2010/11/04,214,24,0
2010/11/04,219,25,0
2010/11/04,221,15,0
2010/11/04,224,1,0
2010/11/04,228,39,0
2010/11/04,229,5,0
2010/11/04,231,55,0
2010/11/04,234,2,0
2010/11/04,238,18,0
2010/11/04,240,15,0
2010/11/04,242,32,0
2010/11/04,245,15,0
2010/12/07,1,8,8
2010/12/07,4,1,0
2010/12/07,6,2,2
2010/12/07,7,12,12
2010/12/07,10,6,6
2010/12/07,17,20,20
2010/12/07,18,20,20
2010/12/07,26,2,2
2010/12/07,28,40,0
2010/12/07,30,5,5
2010/12/07,33,29,29
2010/12/07,34,2,2
2010/12/07,35,2,0
2010/12/07,38,1,1
2010/12/07,40,4,4
2010/12/07,41,4,4
2010/12/07,43,4,0
2010/12/07,55,29,0
2010/12/07,57,9,9
2010/12/07,62,8,8
2010/12/07,67,2,2
2010/12/07,70,11,11
2010/12/07,75,13,0
2010/12/07,76,2,0
2010/12/07,78,4,0
2010/12/07,80,9,0
2010/12/07,81,3,0
2010/12/07,82,2,2
2010/12/07,84,29,0
2010/12/07,89,44,44
2010/12/07,90,2,2
2010/12/07,91,3,0
2010/12/07,94,7,7
2010/12/07,99,31,31
2010/12/07,105,30,0
2010/12/07,109,18,0
2010/12/07,116,21,21
2010/12/07,117,9,0
2010/12/07,120,15,0
2010/12/07,122,33,0
2010/12/07,124,3,0
2010/12/07,126,6,6
2010/12/07,128,5,5
2010/12/07,130,17,17
2010/12/07,136,6,6
2010/12/07,137,40,40
2010/12/07,142,14,14
2010/12/07,147,42,0
2010/12/07,159,6,6
2010/12/07,161,27,0
2010/12/07,163,2,2
2010/12/07,168,14,0
2010/12/07,172,29,0
2010/12/07,177,2,2
2010/12/07,178,2,0
2010/12/07,182,13,0
2010/12/07,185,1,0
2010/12/07,188,8,0
2010/12/07,191,8,0
2010/12/07,198,53,0
2010/12/07,199,23,0
2010/12/07,202,16,0
2010/12/07,204,1,1
2010/12/07,206,2,0
2010/12/07,207,7,0
2010/12/07,208,1,1
2010/12/07,209,7,7
2010/12/07,212,39,0
2010/12/07,214,11,11
2010/12/07,219,17,17
2010/12/07,221,41,41
2010/12/07,224,11,0
2010/12/07,227,1,1
2010/12/07,228,16,16
2010/12/07,229,12,0
2010/12/07,231,48,0
2010/12/07,237,13,13
2010/12/07,238,17,17
2010/12/07,240,42,0
2010/12/07,242,15,0
2010/12/07,245,2,2
2011/01/19,3,7,7
2011/01/19,6,2,2
2011/01/19,7,31,31
2011/01/19,10,1,1
2011/01/19,17,8,8
2011/01/19,18,18,18
2011/01/19,26,10,10
2011/01/19,28,48,0
2011/01/19,30,4,4
2011/01/19,33,24,24
2011/01/19,37,3,3
2011/01/19,40,3,0
2011/01/19,43,3,0
2011/01/19,51,20,20
2011/01/19,55,12,0
2011/01/19,57,4,4
2011/01/19,61,2,0
2011/01/19,62,9,9
2011/01/19,67,1,1
2011/01/19,70,10,10
2011/01/19,75,13,0
2011/01/19,78,11,0
2011/01/19,80,10,0
2011/01/19,81,6,0
2011/01/19,82,2,2
2011/01/19,84,22,0
2011/01/19,89,16,16
2011/01/19,90,10,10
2011/01/19,99,24,24
2011/01/19,102,26,26
2011/01/19,105,6,0
2011/01/19,109,16,0
2011/01/19,116,12,12
2011/01/19,117,11,0
2011/01/19,120,12,0
2011/01/19,122,14,0
2011/01/19,124,3,0
2011/01/19,128,5,5
2011/01/19,130,15,15
2011/01/19,136,5,5
2011/01/19,137,39,39
2011/01/19,142,13,13
2011/01/19,147,36,0
2011/01/19,156,9,9
2011/01/19,159,6,6
2011/01/19,161,32,0
2011/01/19,163,5,5
2011/01/19,168,17,0
2011/01/19,172,25,0
2011/01/19,174,5,5
2011/01/19,177,4,4
2011/01/19,178,2,0
2011/01/19,182,5,0
2011/01/19,184,2,0
2011/01/19,188,29,0
2011/01/19,190,4,0
2011/01/19,191,4,0
2011/01/19,198,19,0
2011/01/19,199,24,0
2011/01/19,201,8,8
2011/01/19,202,13,0
2011/01/19,205,2,2
2011/01/19,206,8,0
2011/01/19,207,2,0
2011/01/19,208,4,4
2011/01/19,209,4,4
2011/01/19,212,19,0
2011/01/19,214,11,11
2011/01/19,219,12,12
2011/01/19,221,41,41
2011/01/19,222,12,0
2011/01/19,224,10,0
2011/01/19,228,11,11
2011/01/19,229,1,0
2011/01/19,231,43,0
2011/01/19,237,10,10
2011/01/19,238,13,13
2011/01/19,240,46,0
2011/01/19,242,32,0
2011/01/19,245,15,15
2011/02/23,3,11,11
2011/02/23,6,1,1
2011/02/23,7,24,24
2011/02/23,10,7,7
2011/02/23,15,3,3
2011/02/23,17,16,16
2011/02/23,18,6,0
2011/02/23,26,8,8
2011/02/23,28,35,0
2011/02/23,30,2,2
2011/02/23,33,16,16
2011/02/23,37,2,2
2011/02/23,40,6,0
2011/02/23,41,3,0
2011/02/23,43,3,0
2011/02/23,49,10,10
2011/02/23,51,17,17
2011/02/23,53,2,2
2011/02/23,57,11,11
2011/02/23,58,6,0
2011/02/23,62,6,6
2011/02/23,70,5,5
2011/02/23,75,30,0
2011/02/23,78,17,0
2011/02/23,80,17,0
2011/02/23,82,3,3
2011/02/23,84,18,0
2011/02/23,89,5,5
2011/02/23,90,22,22
2011/02/23,91,1,0
2011/02/23,94,2,2
2011/02/23,99,28,28
2011/02/23,102,32,0
2011/02/23,109,8,0
2011/02/23,116,22,22
2011/02/23,117,18,0
2011/02/23,120,16,0
2011/02/23,122,38,0
2011/02/23,124,3,0
2011/02/23,126,11,11
2011/02/23,128,6,6
2011/02/23,129,5,5
2011/02/23,130,20,20
2011/02/23,132,7,0
2011/02/23,136,7,7
2011/02/23,137,23,23
2011/02/23,142,12,12
2011/02/23,147,43,0
2011/02/23,156,24,24
2011/02/23,159,5,5
2011/02/23,161,23,0
2011/02/23,163,17,17
2011/02/23,168,10,0
2011/02/23,172,41,0
2011/02/23,174,22,22
2011/02/23,178,3,0
2011/02/23,182,12,0
2011/02/23,184,1,0
2011/02/23,185,4,0
2011/02/23,186,12,0
2011/02/23,188,17,0
2011/02/23,190,20,20
2011/02/23,191,1,0
2011/02/23,198,66,0
2011/02/23,199,31,0
2011/02/23,201,2,2
2011/02/23,207,7,0
2011/02/23,208,4,4
2011/02/23,209,5,5
2011/02/23,212,53,0
2011/02/23,214,13,13
2011/02/23,219,22,22
2011/02/23,221,44,44
2011/02/23,222,24,0
2011/02/23,224,18,0
2011/02/23,228,8,8
2011/02/23,229,3,0
2011/02/23,231,32,0
2011/02/23,237,10,10
2011/02/23,238,12,12
2011/02/23,240,25,0
2011/02/23,242,26,0
2011/02/23,244,6,0
2011/02/23,245,7,7
2011/04/28,3,7,7
2011/04/28,7,42,42
2011/04/28,10,3,3
2011/04/28,16,1,1
2011/04/28,17,36,36
2011/04/28,26,28,28
2011/04/28,28,64,0
2011/04/28,30,1,1
2011/04/28,37,5,5
2011/04/28,40,3,0
2011/04/28,41,3,0
2011/04/28,43,7,0
2011/04/28,49,22,22
2011/04/28,51,35,35
2011/04/28,53,1,0
2011/04/28,57,22,22
2011/04/28,58,34,0
2011/04/28,62,11,11
2011/04/28,63,1,1
2011/04/28,70,2,2
2011/04/28,75,16,0
2011/04/28,78,22,0
2011/04/28,80,14,0
2011/04/28,82,1,1
2011/04/28,84,33,0
2011/04/28,89,12,12
2011/04/28,90,27,27
2011/04/28,91,9,0
2011/04/28,94,9,9
2011/04/28,96,1,1
2011/04/28,99,51,51
2011/04/28,106,73,0
2011/04/28,102,70,0
2011/04/28,109,23,0
2011/04/28,116,14,14
2011/04/28,117,40,0
2011/04/28,120,25,0
2011/04/28,122,52,0
2011/04/28,124,4,0
2011/04/28,126,11,11
2011/04/28,127,8,8
2011/04/28,128,3,3
2011/04/28,129,13,13
2011/04/28,130,20,20
2011/04/28,136,8,8
2011/04/28,137,27,27
2011/04/28,142,16,16
2011/04/28,147,55,0
2011/04/28,156,30,30
2011/04/28,159,15,15
2011/04/28,161,36,0
2011/04/28,163,21,21
2011/04/28,168,7,0
2011/04/28,172,53,0
2011/04/28,174,25,25
2011/04/28,177,4,4
2011/04/28,178,1,0
2011/04/28,182,30,0
2011/04/28,184,4,0
2011/04/28,185,2,0
2011/04/28,186,23,0
2011/04/28,188,13,0
2011/04/28,190,32,32
2011/04/28,191,10,0
2011/04/28,198,73,0
2011/04/28,199,58,0
2011/04/28,208,3,3
2011/04/28,209,8,8
2011/04/28,212,71,0
2011/04/28,214,11,11
2011/04/28,219,35,35
2011/04/28,221,65,65
2011/04/28,222,45,0
2011/04/28,224,12,0
2011/04/28,228,1,1
2011/04/28,229,3,0
2011/04/28,231,36,0
2011/04/28,237,13,13
2011/04/28,238,23,23
2011/04/28,240,61,0
2011/04/28,242,44,0
2011/04/28,244,23,0
2011/04/28,245,9,9
2011/06/14,3,14,14
2011/06/14,7,40,40
2011/06/14,16,17,17
2011/06/14,17,27,27
2011/06/14,18,22,0
2011/06/14,24,3,3
2011/06/14,26,24,24
2011/06/14,28,56,0
2011/06/14,31,10,10
2011/06/14,33,46,46
2011/06/14,37,3,3
2011/06/14,40,9,0
2011/06/14,49,33,33
2011/06/14,51,24,24
2011/06/14,53,5,0
2011/06/14,57,12,12
2011/06/14,58,9,0
2011/06/14,62,4,4
2011/06/14,66,1,1
2011/06/14,70,6,6
2011/06/14,75,13,0
2011/06/14,76,1,0
2011/06/14,77,3,0
2011/06/14,78,10,0
2011/06/14,80,16,0
2011/06/14,84,32,0
2011/06/14,89,17,17
2011/06/14,90,28,28
2011/06/14,91,2,0
2011/06/14,94,7,7
2011/06/14,96,12,12
2011/06/14,99,12,12
2011/06/14,106,14,0
2011/06/14,102,59,0
2011/06/14,117,35,0
2011/06/14,120,28,0
2011/06/14,122,36,0
2011/06/14,124,2,0
2011/06/14,126,18,18
2011/06/14,127,6,6
2011/06/14,128,2,2
2011/06/14,129,5,5
2011/06/14,135,1,0
2011/06/14,136,3,3
2011/06/14,137,15,15
2011/06/14,142,25,25
2011/06/14,147,67,0
2011/06/14,156,18,18
2011/06/14,159,1,1
2011/06/14,161,7,0
2011/06/14,163,14,14
2011/06/14,172,53,0
2011/06/14,174,26,26
2011/06/14,177,4,4
2011/06/14,178,3,0
2011/06/14,182,43,0
2011/06/14,184,1,0
2011/06/14,185,1,0
2011/06/14,186,4,0
2011/06/14,188,11,11
2011/06/14,190,16,16
2011/06/14,191,13,0
2011/06/14,198,94,0
2011/06/14,199,44,0
2011/06/14,201,8,8
2011/06/14,208,7,7
2011/06/14,210,3,3
2011/06/14,211,1,1
2011/06/14,212,16,0
2011/06/14,214,8,8
2011/06/14,219,25,25
2011/06/14,221,65,65
2011/06/14,222,18,18
2011/06/14,224,1,0
2011/06/14,231,39,0
2011/06/14,237,2,2
2011/06/14,238,16,16
2011/06/14,240,58,0
2011/06/14,242,28,0
2011/06/14,244,3,0
2011/06/14,245,4,4
2011/07/15,3,7,7
2011/07/15,4,9,0
2011/07/15,7,19,19
2011/07/15,16,8,8
2011/07/15,17,21,21
2011/07/15,18,13,0
2011/07/15,24,5,5
2011/07/15,26,4,4
2011/07/15,28,23,0
2011/07/15,31,9,9
2011/07/15,33,15,15
2011/07/15,37,3,3
2011/07/15,40,13,0
2011/07/15,49,24,24
2011/07/15,51,15,15
2011/07/15,55,13,0
2011/07/15,57,5,5
2011/07/15,58,13,0
2011/07/15,59,17,0
2011/07/15,62,6,6
2011/07/15,75,1,0
2011/07/15,76,36,0
2011/07/15,77,23,0
2011/07/15,80,8,0
2011/07/15,84,24,0
2011/07/15,89,31,31
2011/07/15,90,9,9
2011/07/15,91,3,0
2011/07/15,94,5,5
2011/07/15,96,3,3
2011/07/15,99,21,21
2011/07/15,106,39,0
2011/07/15,102,32,0
2011/07/15,117,10,0
2011/07/15,120,11,0
2011/07/15,122,21,0
2011/07/15,124,4,0
2011/07/15,126,14,14
2011/07/15,130,16,16
2011/07/15,135,2,0
2011/07/15,136,2,2
2011/07/15,137,10,10
2011/07/15,142,18,18
2011/07/15,144,1,1
2011/07/15,147,40,0
2011/07/15,156,11,11
2011/07/15,161,15,0
2011/07/15,163,10,10
2011/07/15,168,1,0
2011/07/15,172,32,0
2011/07/15,174,15,15
2011/07/15,177,2,2
2011/07/15,182,32,0
2011/07/15,184,1,0
2011/07/15,185,1,0
2011/07/15,190,6,6
2011/07/15,198,36,0
2011/07/15,199,36,0
2011/07/15,201,5,5
2011/07/15,208,3,3
2011/07/15,210,22,22
2011/07/15,211,22,22
2011/07/15,212,35,0
2011/07/15,214,6,6
2011/07/15,215,9,9
2011/07/15,219,9,9
2011/07/15,221,45,45
2011/07/15,222,7,7
2011/07/15,226,2,2
2011/07/15,228,1,1
2011/07/15,231,31,0
2011/07/15,238,8,8
2011/07/15,240,30,0
2011/07/15,242,15,0
2011/07/15,248,6,6
2011/08/19,3,2,2
2011/08/19,4,4,0
2011/08/19,7,12,0
2011/08/19,16,4,4
2011/08/19,17,6,6
2011/08/19,18,15,0
2011/08/19,28,40,0
2011/08/19,31,11,11
2011/08/19,33,9,9
2011/08/19,37,1,1
2011/08/19,43,1,0
2011/08/19,49,23,23
2011/08/19,51,1,1
2011/08/19,53,1,0
2011/08/19,55,49,0
2011/08/19,57,15,15
2011/08/19,58,7,0
2011/08/19,59,8,0
2011/08/19,62,4,4
2011/08/19,75,19,0
2011/08/19,76,29,0
2011/08/19,77,26,0
2011/08/19,80,7,0
2011/08/19,84,21,0
2011/08/19,89,29,29
2011/08/19,90,10,10
2011/08/19,94,3,3
2011/08/19,239,21,0
2011/08/19,96,3,3
2011/08/19,99,12,12
2011/08/19,106,40,0
2011/08/19,102,20,0
2011/08/19,116,1,1
2011/08/19,117,11,0
2011/08/19,120,9,0
2011/08/19,124,4,0
2011/08/19,126,16,16
2011/08/19,128,1,1
2011/08/19,130,10,10
2011/08/19,133,7,7
2011/08/19,136,15,15
2011/08/19,137,11,11
2011/08/19,142,15,15
2011/08/19,147,33,0
2011/08/19,156,5,5
2011/08/19,158,2,2
2011/08/19,159,1,1
2011/08/19,161,12,0
2011/08/19,163,15,15
2011/08/19,172,14,0
2011/08/19,174,13,13
2011/08/19,177,1,1
2011/08/19,178,1,0
2011/08/19,182,15,0
2011/08/19,191,5,0
2011/08/19,196,1,0
2011/08/19,198,65,0
2011/08/19,199,23,0
2011/08/19,201,11,11
2011/08/19,202,14,0
2011/08/19,208,5,5
2011/08/19,211,18,18
2011/08/19,212,20,0
2011/08/19,215,9,9
2011/08/19,219,11,11
2011/08/19,221,42,42
2011/08/19,222,3,3
2011/08/19,228,1,1
2011/08/19,231,26,0
2011/08/19,240,37,0
2011/08/19,242,11,0
2011/08/19,248,20,20
2011/09/22,4,3,0
2011/09/22,7,14,14
2011/09/22,10,1,1
2011/09/22,16,7,7
2011/09/22,17,9,9
2011/09/22,18,22,0
2011/09/22,26,2,2
2011/09/22,28,74,0
2011/09/22,31,2,2
2011/09/22,33,2,2
2011/09/22,37,2,2
2011/09/22,40,5,0
2011/09/22,43,1,0
2011/09/22,48,1,1
2011/09/22,49,23,23
2011/09/22,51,4,4
2011/09/22,53,2,0
2011/09/22,55,41,0
2011/09/22,57,30,30
2011/09/22,58,5,0
2011/09/22,62,7,7
2011/09/22,63,6,6
2011/09/22,70,5,5
2011/09/22,75,5,0
2011/09/22,76,20,0
2011/09/22,77,17,0
2011/09/22,80,5,0
2011/09/22,84,30,0
2011/09/22,86,4,4
2011/09/22,87,2,2
2011/09/22,89,20,20
2011/09/22,90,10,10
2011/09/22,239,24,0
2011/09/22,106,18,0
2011/09/22,102,28,0
2011/09/22,108,12,12
2011/09/22,113,5,5
2011/09/22,116,12,12
2011/09/22,117,3,0
2011/09/22,120,16,0
2011/09/22,124,7,0
2011/09/22,126,10,10
2011/09/22,130,16,16
2011/09/22,133,16,16
2011/09/22,136,2,2
2011/09/22,137,2,2
2011/09/22,142,7,7
2011/09/22,147,28,0
2011/09/22,156,7,7
2011/09/22,157,23,0
2011/09/22,159,4,4
2011/09/22,161,22,0
2011/09/22,163,21,21
2011/09/22,174,11,11
2011/09/22,175,20,0
2011/09/22,177,2,2
2011/09/22,178,2,0
2011/09/22,182,15,0
2011/09/22,184,7,0
2011/09/22,185,1,0
2011/09/22,191,3,0
2011/09/22,196,3,0
2011/09/22,198,39,0
2011/09/22,199,18,0
2011/09/22,201,25,25
2011/09/22,202,32,0
2011/09/22,203,31,0
2011/09/22,208,3,3
2011/09/22,210,2,2
2011/09/22,211,10,10
2011/09/22,212,10,0
2011/09/22,215,14,14
2011/09/22,219,19,19
2011/09/22,221,50,50
2011/09/22,222,5,5
2011/09/22,229,4,0
2011/09/22,231,17,0
2011/09/22,237,7,7
2011/09/22,238,7,7
2011/09/22,240,3,0
2011/09/22,248,10,0
2011/12/06,4,6,0
2011/12/06,7,25,25
2011/12/06,10,2,2
2011/12/06,17,38,38
2011/12/06,18,59,0
2011/12/06,26,2,2
2011/12/06,28,140,0
2011/12/06,33,11,11
2011/12/06,34,19,19
2011/12/06,36,5,5
2011/12/06,37,3,3
2011/12/06,40,25,0
2011/12/06,48,4,4
2011/12/06,49,55,55
2011/12/06,51,51,51
2011/12/06,53,4,0
2011/12/06,55,89,0
2011/12/06,57,29,29
2011/12/06,58,9,0
2011/12/06,62,8,8
2011/12/06,63,8,8
2011/12/06,70,18,18
2011/12/06,74,10,10
2011/12/06,76,60,0
2011/12/06,77,49,0
2011/12/06,80,15,0
2011/12/06,82,3,3
2011/12/06,84,49,0
2011/12/06,86,7,7
2011/12/06,87,1,1
2011/12/06,89,45,45
2011/12/06,90,18,18
2011/12/06,239,35,0
2011/12/06,106,28,0
2011/12/06,105,74,0
2011/12/06,108,39,39
2011/12/06,113,3,3
2011/12/06,116,23,23
2011/12/06,117,1,0
2011/12/06,118,6,0
2011/12/06,120,38,0
2011/12/06,122,17,0
2011/12/06,124,27,0
2011/12/06,126,4,4
2011/12/06,128,1,1
2011/12/06,130,37,37
2011/12/06,133,23,23
2011/12/06,135,9,0
2011/12/06,136,3,3
2011/12/06,137,31,31
2011/12/06,142,26,26
2011/12/06,147,62,0
2011/12/06,148,2,2
2011/12/06,156,16,16
2011/12/06,157,50,0
2011/12/06,159,6,6
2011/12/06,161,42,0
2011/12/06,163,21,21
2011/12/06,169,10,10
2011/12/06,174,16,16
2011/12/06,175,58,0
2011/12/06,178,4,0
2011/12/06,182,42,0
2011/12/06,184,10,0
2011/12/06,185,1,0
2011/12/06,192,4,4
2011/12/06,196,5,0
2011/12/06,198,117,0
2011/12/06,199,65,0
2011/12/06,201,35,35
2011/12/06,202,45,0
2011/12/06,203,76,0
2011/12/06,208,15,15
2011/12/06,209,3,3
2011/12/06,211,3,3
2011/12/06,212,71,0
2011/12/06,215,37,37
2011/12/06,219,38,38
2011/12/06,221,91,91
2011/12/06,222,7,7
2011/12/06,229,2,0
2011/12/06,231,28,0
2011/12/06,237,27,27
2011/12/06,238,18,18
2011/12/06,240,80,0
2011/12/06,248,7,0
2012/01/30,4,8,0
2012/01/30,7,31,31
2012/01/30,10,2,2
2012/01/30,11,27,0
2012/01/30,17,33,33
2012/01/30,18,47,0
2012/01/30,19,26,26
2012/01/30,28,61,0
2012/01/30,33,19,19
2012/01/30,34,4,4
2012/01/30,36,14,14
2012/01/30,40,9,0
2012/01/30,43,1,0
2012/01/30,48,4,0
2012/01/30,49,29,29
2012/01/30,51,37,37
2012/01/30,55,81,0
2012/01/30,57,20,20
2012/01/30,58,5,0
2012/01/30,62,10,10
2012/01/30,63,5,5
2012/01/30,66,8,8
2012/01/30,67,1,1
2012/01/30,70,18,18
2012/01/30,74,4,4
2012/01/30,76,32,0
2012/01/30,77,24,0
2012/01/30,78,2,0
2012/01/30,80,3,0
2012/01/30,82,4,4
2012/01/30,84,16,0
2012/01/30,89,32,32
2012/01/30,90,6,6
2012/01/30,93,3,3
2012/01/30,94,3,3
2012/01/30,239,18,0
2012/01/30,106,13,0
2012/01/30,105,6,0
2012/01/30,108,16,16
2012/01/30,113,2,2
2012/01/30,116,20,20
2012/01/30,117,4,0
2012/01/30,118,19,0
2012/01/30,120,12,0
2012/01/30,122,8,0
2012/01/30,124,18,0
2012/01/30,126,4,4
2012/01/30,127,3,3
2012/01/30,129,1,1
2012/01/30,130,17,17
2012/01/30,133,11,11
2012/01/30,135,69,0
2012/01/30,136,5,5
2012/01/30,137,33,33
2012/01/30,142,17,17
2012/01/30,147,26,0
2012/01/30,156,1,1
2012/01/30,157,31,0
2012/01/30,159,9,9
2012/01/30,161,16,0
2012/01/30,163,11,11
2012/01/30,169,4,4
2012/01/30,174,9,9
2012/01/30,175,37,0
2012/01/30,177,2,2
2012/01/30,178,3,0
2012/01/30,182,14,0
2012/01/30,184,13,0
2012/01/30,185,1,0
2012/01/30,192,15,15
2012/01/30,196,1,0
2012/01/30,197,2,2
2012/01/30,198,99,0
2012/01/30,199,32,0
2012/01/30,201,8,8
2012/01/30,202,23,0
2012/01/30,203,50,0
2012/01/30,208,14,14
2012/01/30,209,5,5
2012/01/30,212,58,0
2012/01/30,215,29,29
2012/01/30,219,22,22
2012/01/30,221,72,72
2012/01/30,222,7,7
2012/01/30,229,2,0
2012/01/30,231,7,0
2012/01/30,237,9,9
2012/01/30,238,6,6
2012/01/30,240,68,0
2012/01/30,241,1,1
2012/01/30,248,11,0
2012/04/13,4,2,17
2012/04/13,7,29,29
2012/04/13,10,8,8
2012/04/13,17,40,59
2012/04/13,18,8,0
2012/04/13,26,12,12
2012/04/13,28,112,0
2012/04/13,33,35,35
2012/04/13,34,30,30
2012/04/13,36,35,35
2012/04/13,40,25,0
2012/04/13,43,5,2
2012/04/13,49,49,49
2012/04/13,51,42,42
2012/04/13,55,94,0
2012/04/13,57,10,10
2012/04/13,58,19,0
2012/04/13,62,10,21
2012/04/13,63,31,31
2012/04/13,66,0,32
2012/04/13,67,0,1
2012/04/13,70,27,27
2012/04/13,76,14,0
2012/04/13,77,39,10
2012/04/13,78,34,0
2012/04/13,80,7,0
2012/04/13,82,2,2
2012/04/13,84,28,1
2012/04/13,86,5,5
2012/04/13,89,54,54
2012/04/13,90,38,38
2012/04/13,94,4,4
2012/04/13,239,45,0
2012/04/13,106,49,0
2012/04/13,105,35,0
2012/04/13,108,15,15
2012/04/13,113,20,20
2012/04/13,116,33,34
2012/04/13,118,59,40
2012/04/13,122,58,0
2012/04/13,124,16,0
2012/04/13,127,21,21
2012/04/13,130,51,52
2012/04/13,133,68,68
2012/04/13,135,95,0
2012/04/13,136,23,23
2012/04/13,137,16,16
2012/04/13,142,33,38
2012/04/13,147,4,0
2012/04/13,157,60,10
2012/04/13,159,6,6
2012/04/13,161,29,0
2012/04/13,163,7,7
2012/04/13,169,6,31
2012/04/13,172,3,0
2012/04/13,174,13,13
2012/04/13,175,55,0
2012/04/13,178,2,0
2012/04/13,182,2,0
2012/04/13,184,28,0
2012/04/13,192,18,18
2012/04/13,193,6,6
2012/04/13,196,2,1
2012/04/13,198,141,4
2012/04/13,199,63,0
2012/04/13,202,35,4
2012/04/13,203,73,0
2012/04/13,208,1,51
2012/04/13,209,2,2
2012/04/13,210,2,2
2012/04/13,212,117,0
2012/04/13,215,60,60
2012/04/13,219,50,50
2012/04/13,221,124,124
2012/04/13,228,1,1
2012/04/13,229,4,0
2012/04/13,237,13,13
2012/04/13,238,11,11
2012/04/13,240,112,0
2012/04/13,244,7,0
2012/04/13,248,4,0
2012/04/13,19,19,33
2012/04/13,11,145,0
2012/04/13,223,4,0
2012/04/13,93,1,1
2012/04/13,241,7,16
2012/04/13,197,2,2
2012/04/13,146,19,21
2012/04/13,47,96,0
2012/04/13,150,15,15
2012/04/13,145,13,13
2012/04/13,50,28,28
2012/04/13,112,23,23
2012/04/13,83,6,6
2012/04/13,22,4,0
2012/04/13,73,5,5
2012/04/13,154,3,0
2012/04/13,14,5,0
2012/04/13,176,0,16
2012/04/13,25,0,8
2012/04/13,131,0,3
2012/04/13,119,0,12
2012/06/13,4,0,8
2012/06/13,7,33,33
2012/06/13,10,3,3
2012/06/13,11,57,0
2012/06/13,17,27,44
2012/06/13,19,19,34
2012/06/13,14,77,0
2012/06/13,22,5,5
2012/06/13,25,0,1
2012/06/13,26,12,12
2012/06/13,28,110,0
2012/06/13,34,16,16
2012/06/13,36,4,0
2012/06/13,40,28,0
2012/06/13,43,6,2
2012/06/13,47,125,0
2012/06/13,49,32,32
2012/06/13,50,52,52
2012/06/13,51,45,45
2012/06/13,55,74,0
2012/06/13,58,7,0
2012/06/13,62,21,34
2012/06/13,66,1,22
2012/06/13,70,11,11
2012/06/13,77,40,8
2012/06/13,78,6,0
2012/06/13,81,3,0
2012/06/13,84,43,0
2012/06/13,86,2,2
2012/06/13,89,24,24
2012/06/13,90,21,21
2012/06/13,93,4,4
2012/06/13,239,27,0
2012/06/13,106,29,0
2012/06/13,108,11,11
2012/06/13,113,0,1
2012/06/13,112,6,6
2012/06/13,116,18,19
2012/06/13,117,4,0
2012/06/13,119,0,6
2012/06/13,122,18,0
2012/06/13,124,10,0
2012/06/13,130,41,44
2012/06/13,131,1,2
2012/06/13,133,60,60
2012/06/13,135,50,0
2012/06/13,136,11,11
2012/06/13,142,26,35
2012/06/13,145,9,9
2012/06/13,146,4,5
2012/06/13,147,82,0
2012/06/13,150,8,8
2012/06/13,154,25,25
2012/06/13,161,7,0
2012/06/13,169,3,26
2012/06/13,174,2,2
2012/06/13,175,44,0
2012/06/13,176,0,11
2012/06/13,184,19,0
2012/06/13,192,9,9
2012/06/13,196,2,0
2012/06/13,198,90,0
2012/06/13,199,26,0
2012/06/13,201,14,14
2012/06/13,202,25,4
2012/06/13,203,1,0
2012/06/13,208,0,26
2012/06/13,212,65,0
2012/06/13,215,46,46
2012/06/13,219,24,24
2012/06/13,221,100,100
2012/06/13,223,1,0
2012/06/13,237,10,10
2012/06/13,238,1,1
2012/06/13,240,95,0
2012/06/13,241,1,24
2012/06/13,244,1,0
2012/06/13,248,1,0
2012/06/13,115,3,0
2012/06/13,85,0,28
2012/06/13,125,74,5
2012/06/13,54,13,0
2012/06/13,180,13,0
2012/06/13,236,15,0
2012/06/13,88,14,0
2012/06/13,103,5,0
2012/06/13,60,2,0
2012/06/13,235,4,0
2012/09/19,4,1,4
2012/09/19,7,32,32
2012/09/19,8,97,5
2012/09/19,10,42,0
2012/09/19,11,66,0
2012/09/19,17,33,41
2012/09/19,18,64,0
2012/09/19,19,25,47
2012/09/19,14,77,0
2012/09/19,22,4,0
2012/09/19,26,13,13
2012/09/19,28,110,0
2012/09/19,33,1,1
2012/09/19,34,6,6
2012/09/19,36,24,24
2012/09/19,40,14,0
2012/09/19,43,8,0
2012/09/19,47,31,0
2012/09/19,49,34,34
2012/09/19,50,53,53
2012/09/19,51,35,35
2012/09/19,54,37,37
2012/09/19,55,115,0
2012/09/19,57,26,26
2012/09/19,58,5,0
2012/09/19,60,45,45
2012/09/19,62,41,60
2012/09/19,63,9,9
2012/09/19,66,5,22
2012/09/19,70,8,8
2012/09/19,77,59,11
2012/09/19,80,17,0
2012/09/19,84,28,3
2012/09/19,85,0,21
2012/09/19,88,33,33
2012/09/19,86,13,13
2012/09/19,89,25,25
2012/09/19,90,32,32
2012/09/19,94,6,6
2012/09/19,239,49,0
2012/09/19,103,24,24
2012/09/19,106,45,3
2012/09/19,105,4,10
2012/09/19,108,10,10
2012/09/19,113,0,4
2012/09/19,112,6,6
2012/09/19,116,14,14
2012/09/19,117,1,0
2012/09/19,118,3,4
2012/09/19,119,29,33
2012/09/19,122,36,0
2012/09/19,124,28,0
2012/09/19,125,125,14
2012/09/19,128,2,2
2012/09/19,130,34,34
2012/09/19,131,2,7
2012/09/19,133,53,53
2012/09/19,135,21,0
2012/09/19,136,6,6
2012/09/19,137,3,3
2012/09/19,142,25,40
2012/09/19,145,1,1
2012/09/19,146,12,25
2012/09/19,147,99,0
2012/09/19,150,14,14
2012/09/19,154,18,0
2012/09/19,161,12,0
2012/09/19,169,7,17
2012/09/19,172,46,0
2012/09/19,174,14,14
2012/09/19,175,51,0
2012/09/19,176,0,6
2012/09/19,180,38,38
2012/09/19,184,7,0
2012/09/19,192,11,11
2012/09/19,196,23,31
2012/09/19,198,111,0
2012/09/19,199,40,0
2012/09/19,201,20,20
2012/09/19,202,16,0
2012/09/19,205,2,2
2012/09/19,208,0,12
2012/09/19,212,24,0
2012/09/19,214,21,21
2012/09/19,215,37,37
2012/09/19,219,23,23
2012/09/19,221,129,129
2012/09/19,223,1,0
2012/09/19,235,20,20
2012/09/19,236,42,42
2012/09/19,237,6,6
2012/09/19,238,2,2
2012/09/19,240,131,0
2012/09/19,241,2,41
2012/09/19,244,1,0
2012/09/19,247,29,29
2012/09/19,200,40,0
2012/09/19,189,55,17
2012/09/19,102,12,0
2012/09/19,140,13,12
2012/09/19,69,15,0
2012/09/19,217,4,4
2012/09/19,2,4,0
2012/09/19,226,10,10
2012/09/19,160,34,0
2012/09/19,152,22,22
2012/09/19,72,11,11
2012/09/19,254,14,0
2012/09/19,249,5,5
2012/09/19,233,4,4
2012/09/19,171,6,6
2012/09/19,155,1,1
2012/09/19,165,2,2
2012/09/19,79,4,4
2012/09/19,167,1,1
2012/09/19,6,2,5
2012/09/19,246,0,1
2012/09/19,114,3,3
2012/09/19,143,1,1
2012/10/06,4,3,2
2012/10/06,6,7,0
2012/10/06,8,19,21
2012/10/06,10,7,0
2012/10/06,18,24,0
2012/10/06,19,14,26
2012/10/06,14,6,0
2012/10/06,22,5,0
2012/10/06,25,0,2
2012/10/06,28,32,0
2012/10/06,33,4,4
2012/10/06,34,8,8
2012/10/06,36,10,0
2012/10/06,37,1,1
2012/10/06,40,4,0
2012/10/06,43,3,0
2012/10/06,47,37,0
2012/10/06,49,15,15
2012/10/06,50,9,9
2012/10/06,51,9,9
2012/10/06,54,12,12
2012/10/06,55,30,0
2012/10/06,57,4,4
2012/10/06,58,2,0
2012/10/06,60,5,0
2012/10/06,62,7,9
2012/10/06,63,6,6
2012/10/06,69,12,12
2012/10/06,70,2,2
2012/10/06,72,1,1
2012/10/06,77,17,2
2012/10/06,78,2,0
2012/10/06,79,13,0
2012/10/06,82,2,2
2012/10/06,84,5,0
2012/10/06,85,0,5
2012/10/06,86,3,3
2012/10/06,88,4,4
2012/10/06,89,14,14
2012/10/06,90,11,11
2012/10/06,93,1,1
2012/10/06,239,14,0
2012/10/06,103,12,0
2012/10/06,105,3,8
2012/10/06,106,9,0
2012/10/06,108,4,4
2012/10/06,254,30,0
2012/10/06,116,6,7
2012/10/06,118,1,2
2012/10/06,119,9,12
2012/10/06,122,11,0
2012/10/06,124,9,0
2012/10/06,125,26,0
2012/10/06,130,9,10
2012/10/06,133,11,11
2012/10/06,136,1,1
2012/10/06,137,7,7
2012/10/06,140,1,2
2012/10/06,145,2,2
2012/10/06,147,11,0
2012/10/06,150,7,7
2012/10/06,155,9,9
2012/10/06,160,10,0
2012/10/06,161,16,0
2012/10/06,165,5,4
2012/10/06,167,7,7
2012/10/06,169,3,12
2012/10/06,171,17,17
2012/10/06,172,16,0
2012/10/06,174,1,1
2012/10/06,175,10,0
2012/10/06,176,0,1
2012/10/06,180,10,0
2012/10/06,184,6,0
2012/10/06,189,18,29
2012/10/06,192,2,2
2012/10/06,199,14,0
2012/10/06,200,16,16
2012/10/06,202,14,4
2012/10/06,205,7,7
2012/10/06,208,0,15
2012/10/06,212,16,0
2012/10/06,214,5,5
2012/10/06,215,6,6
2012/10/06,219,12,12
2012/10/06,222,2,2
2012/10/06,233,27,0
2012/10/06,235,4,4
2012/10/06,236,12,12
2012/10/06,237,8,8
2012/10/06,240,32,0
2012/10/06,241,10,19
2012/10/06,244,2,0
2012/10/06,249,12,0
2012/10/06,114,11,1
2012/10/06,46,10,10
2012/10/06,138,8,8
2012/11/28,4,21,25
2012/11/28,6,23,3
2012/11/28,7,1,1
2012/11/28,8,58,72
2012/11/28,10,31,0
2012/11/28,11,10,0
2012/11/28,18,73,0
2012/11/28,19,50,100
2012/11/28,14,6,0
2012/11/28,22,8,0
2012/11/28,25,0,4
2012/11/28,28,137,1
2012/11/28,33,25,25
2012/11/28,34,38,38
2012/11/28,36,43,0
2012/11/28,37,4,4
2012/11/28,38,1,1
2012/11/28,40,12,0
2012/11/28,43,10,0
2012/11/28,47,153,0
2012/11/28,49,49,49
2012/11/28,50,47,47
2012/11/28,51,45,45
2012/11/28,54,41,41
2012/11/28,55,84,0
2012/11/28,57,13,13
2012/11/28,58,10,0
2012/11/28,60,5,0
2012/11/28,62,18,28
2012/11/28,63,23,23
2012/11/28,66,5,7
2012/11/28,67,0,4
2012/11/28,69,30,30
2012/11/28,70,14,14
2012/11/28,72,13,13
2012/11/28,77,48,4
2012/11/28,78,2,0
2012/11/28,79,43,0
2012/11/28,80,2,0
2012/11/28,82,4,4
2012/11/28,84,20,0
2012/11/28,85,0,22
2012/11/28,86,8,8
2012/11/28,88,24,24
2012/11/28,89,58,58
2012/11/28,90,33,33
2012/11/28,93,4,4
2012/11/28,239,47,0
2012/11/28,103,39,0
2012/11/28,105,4,22
2012/11/28,106,15,0
2012/11/28,108,11,13
2012/11/28,254,89,0
2012/11/28,112,5,5
2012/11/28,116,31,32
2012/11/28,118,11,8
2012/11/28,119,22,26
2012/11/28,122,35,0
2012/11/28,124,32,0
2012/11/28,125,59,26
2012/11/28,130,25,26
2012/11/28,131,1,2
2012/11/28,133,37,37
2012/11/28,136,5,5
2012/11/28,137,40,40
2012/11/28,140,1,2
2012/11/28,142,8,8
2012/11/28,145,6,6
2012/11/28,146,6,6
2012/11/28,147,28,0
2012/11/28,150,19,19
2012/11/28,152,20,20
2012/11/28,155,20,20
2012/11/28,160,20,0
2012/11/28,161,79,0
2012/11/28,165,24,0
2012/11/28,167,19,19
2012/11/28,169,14,49
2012/11/28,171,55,55
2012/11/28,172,62,0
2012/11/28,174,7,7
2012/11/28,175,18,0
2012/11/28,176,0,1
2012/11/28,180,24,0
2012/11/28,184,25,0
2012/11/28,189,63,99
2012/11/28,192,8,8
2012/11/28,196,2,0
2012/11/28,199,49,2
2012/11/28,200,59,59
2012/11/28,201,11,11
2012/11/28,202,38,5
2012/11/28,203,20,0
2012/11/28,205,37,37
2012/11/28,208,0,42
2012/11/28,212,66,0
2012/11/28,214,15,15
2012/11/28,215,44,44
2012/11/28,217,0,0
2012/11/28,221,72,72
2012/11/28,223,14,0
2012/11/28,233,90,0
2012/11/28,235,13,13
2012/11/28,236,48,48
2012/11/28,237,20,20
2012/11/28,240,57,0
2012/11/28,241,10,38
2012/11/28,244,3,0
2012/11/28,249,43,1
2012/11/28,114,23,0
2012/11/28,46,23,23
2012/11/28,138,34,34
2012/11/28,20,13,13
2012/11/28,32,1,1
2012/11/28,111,3,3
2012/11/28,232,13,13
2012/11/28,134,3,0
2012/11/28,139,7,7
2012/11/28,181,1,1
2012/11/28,9,1,1
2012/11/28,1,3,3
2012/11/28,123,0,8
2012/11/28,27,0,3
2013/01/28,4,3,9
2013/01/28,6,16,0
2013/01/28,8,6,0
2013/01/28,10,38,0
2013/01/28,11,12,0
2013/01/28,18,72,0
2013/01/28,19,27,54
2013/01/28,22,6,0
2013/01/28,28,81,0
2013/01/28,33,32,32
2013/01/28,34,16,16
2013/01/28,36,18,0
2013/01/28,37,3,3
2013/01/28,38,3,3
2013/01/28,40,15,0
2013/01/28,43,3,0
2013/01/28,46,5,5
2013/01/28,47,41,0
2013/01/28,49,9,9
2013/01/28,50,14,14
2013/01/28,51,26,26
2013/01/28,54,20,20
2013/01/28,55,53,0
2013/01/28,58,4,0
2013/01/28,61,0,1
2013/01/28,62,24,30
2013/01/28,63,4,7
2013/01/28,66,1,1
2013/01/28,69,11,11
2013/01/28,70,3,3
2013/01/28,72,21,21
2013/01/28,77,10,0
2013/01/28,79,11,0
2013/01/28,82,6,6
2013/01/28,84,14,0
2013/01/28,85,0,30
2013/01/28,86,8,8
2013/01/28,88,16,16
2013/01/28,89,20,20
2013/01/28,90,8,8
2013/01/28,93,2,2
2013/01/28,239,15,0
2013/01/28,103,21,0
2013/01/28,106,3,0
2013/01/28,108,5,19
2013/01/28,112,1,1
2013/01/28,114,2,1
2013/01/28,116,20,22
2013/01/28,118,6,6
2013/01/28,119,9,9
2013/01/28,122,16,0
2013/01/28,124,10,0
2013/01/28,125,33,8
2013/01/28,130,20,21
2013/01/28,131,1,3
2013/01/28,133,23,23
2013/01/28,135,2,0
2013/01/28,136,1,1
2013/01/28,137,13,13
2013/01/28,138,18,18
2013/01/28,142,13,2
2013/01/28,145,1,1
2013/01/28,146,6,7
2013/01/28,147,15,0
2013/01/28,152,7,7
2013/01/28,155,6,0
2013/01/28,156,16,0
2013/01/28,157,18,0
2013/01/28,161,31,0
2013/01/28,165,4,0
2013/01/28,167,5,5
2013/01/28,169,5,22
2013/01/28,171,26,0
2013/01/28,172,50,0
2013/01/28,174,1,1
2013/01/28,175,14,0
2013/01/28,176,0,1
2013/01/28,180,8,0
2013/01/28,184,15,0
2013/01/28,189,16,6
2013/01/28,192,9,9
2013/01/28,199,26,0
2013/01/28,200,23,23
2013/01/28,201,5,5
2013/01/28,202,14,0
2013/01/28,203,40,0
2013/01/28,205,25,25
2013/01/28,208,0,19
2013/01/28,212,34,0
2013/01/28,214,12,12
2013/01/28,215,33,33
2013/01/28,219,29,29
2013/01/28,221,62,62
2013/01/28,223,7,0
2013/01/28,233,31,0
2013/01/28,235,3,3
2013/01/28,236,28,28
2013/01/28,237,2,2
2013/01/28,240,60,0
2013/01/28,241,0,5
2013/01/28,244,3,0
2013/01/28,249,18,0
2013/01/28,123,0,4
2013/01/28,151,1,1
2013/01/28,111,3,3
2013/01/28,139,1,1
2013/01/28,232,18,18
2013/01/28,254,24,0
2013/01/28,65,18,0
2013/01/28,20,15,0
2013/01/28,134,20,0
2013/01/28,216,6,0
2013/01/28,194,5,5
2013/01/28,149,3,0
2013/01/28,218,5,5
2013/02/08,4,1,2
2013/02/08,10,12,0
2013/02/08,11,6,0
2013/02/08,18,16,0
2013/02/08,19,10,18
2013/02/08,20,6,6
2013/02/08,28,23,0
2013/02/08,33,7,7
2013/02/08,34,4,4
2013/02/08,36,6,0
2013/02/08,40,4,0
2013/02/08,44,10,0
2013/02/08,46,1,1
2013/02/08,47,21,0
2013/02/08,49,7,7
2013/02/08,50,1,1
2013/02/08,54,1,1
2013/02/08,55,23,0
2013/02/08,62,9,9
2013/02/08,65,6,6
2013/02/08,69,2,2
2013/02/08,70,3,3
2013/02/08,77,7,0
2013/02/08,79,5,0
2013/02/08,82,2,2
2013/02/08,84,14,0
2013/02/08,85,0,9
2013/02/08,86,2,2
2013/02/08,88,4,4
2013/02/08,89,5,5
2013/02/08,90,2,2
2013/02/08,103,7,0
2013/02/08,106,4,0
2013/02/08,108,4,8
2013/02/08,114,1,0
2013/02/08,116,6,7
2013/02/08,118,1,2
2013/02/08,119,1,1
2013/02/08,123,0,1
2013/02/08,124,2,0
2013/02/08,125,13,5
2013/02/08,130,7,8
2013/02/08,133,1,1
2013/02/08,134,7,0
2013/02/08,136,1,1
2013/02/08,137,7,7
2013/02/08,138,3,3
2013/02/08,139,2,2
2013/02/08,142,9,12
2013/02/08,146,3,4
2013/02/08,147,6,0
2013/02/08,149,2,2
2013/02/08,151,5,5
2013/02/08,152,4,4
2013/02/08,155,2,2
2013/02/08,156,11,11
2013/02/08,157,10,0
2013/02/08,161,11,0
2013/02/08,165,8,3
2013/02/08,167,1,1
2013/02/08,169,2,13
2013/02/08,171,9,9
2013/02/08,172,14,0
2013/02/08,174,1,1
2013/02/08,175,9,0
2013/02/08,180,2,0
2013/02/08,184,5,0
2013/02/08,192,1,1
2013/02/08,194,4,4
2013/02/08,199,12,0
2013/02/08,200,2,2
2013/02/08,202,7,0
2013/02/08,203,9,0
2013/02/08,208,0,7
2013/02/08,212,2,0
2013/02/08,214,4,4
2013/02/08,215,7,7
2013/02/08,216,5,5
2013/02/08,218,6,6
2013/02/08,219,10,10
2013/02/08,221,15,15
2013/02/08,223,1,0
2013/02/08,232,5,5
2013/02/08,233,8,0
2013/02/08,236,5,5
2013/02/08,240,13,0
2013/02/08,241,2,4
2013/02/08,249,3,3
2013/02/08,254,2,0
2013/02/08,52,11,0
2013/04/14,4,16,17
2013/04/14,6,0,2
2013/04/14,9,8,8
2013/04/14,10,34,0
2013/04/14,11,13,0
2013/04/14,18,39,0
2013/04/14,19,18,18
2013/04/14,20,31,0
2013/04/14,28,104,0
2013/04/14,32,3,3
2013/04/14,33,30,30
2013/04/14,34,3,3
2013/04/14,36,32,0
2013/04/14,38,5,5
2013/04/14,40,16,0
2013/04/14,43,1,1
2013/04/14,44,20,20
2013/04/14,46,8,10
2013/04/14,47,79,0
2013/04/14,48,9,0
2013/04/14,49,28,28
2013/04/14,50,45,45
2013/04/14,51,2,2
2013/04/14,52,28,8
2013/04/14,54,14,14
2013/04/14,55,88,0
2013/04/14,57,4,4
2013/04/14,58,4,0
2013/04/14,62,5,9
2013/04/14,65,22,0
2013/04/14,67,0,2
2013/04/14,69,31,31
2013/04/14,70,14,14
2013/04/14,72,27,27
2013/04/14,73,9,9
2013/04/14,76,9,0
2013/04/14,77,23,0
2013/04/14,78,9,0
2013/04/14,79,11,0
2013/04/14,82,9,9
2013/04/14,84,28,0
2013/04/14,85,0,40
2013/04/14,86,6,6
2013/04/14,88,14,14
2013/04/14,89,25,25
2013/04/14,90,20,20
2013/04/14,93,1,1
2013/04/14,94,2,2
2013/04/14,239,33,0
2013/04/14,103,5,0
2013/04/14,106,14,0
2013/04/14,108,7,19
2013/04/14,111,4,4
2013/04/14,112,1,1
2013/04/14,114,1,0
2013/04/14,116,12,12
2013/04/14,118,28,18
2013/04/14,119,4,15
2013/04/14,123,0,7
2013/04/14,124,21,0
2013/04/14,125,30,8
2013/04/14,127,1,1
2013/04/14,130,29,29
2013/04/14,131,0,2
2013/04/14,133,20,20
2013/04/14,134,26,0
2013/04/14,135,12,0
2013/04/14,136,2,2
2013/04/14,137,27,27
2013/04/14,138,6,6
2013/04/14,142,24,0
2013/04/14,146,11,12
2013/04/14,147,26,0
2013/04/14,149,11,0
2013/04/14,150,1,1
2013/04/14,151,7,7
2013/04/14,152,12,12
2013/04/14,154,5,5
2013/04/14,155,4,0
2013/04/14,156,37,0
2013/04/14,157,31,0
2013/04/14,161,38,0
2013/04/14,165,20,6
2013/04/14,167,1,1
2013/04/14,168,2,0
2013/04/14,169,12,44
2013/04/14,171,30,0
2013/04/14,172,24,0
2013/04/14,174,5,5
2013/04/14,175,40,0
2013/04/14,176,0,1
2013/04/14,180,12,0
2013/04/14,184,25,0
2013/04/14,192,4,4
2013/04/14,194,5,5
2013/04/14,199,31,0
2013/04/14,200,27,27
2013/04/14,202,25,3
2013/04/14,203,49,0
2013/04/14,205,9,9
2013/04/14,208,0,30
2013/04/14,212,6,0
2013/04/14,214,4,4
2013/04/14,215,38,38
2013/04/14,216,6,0
2013/04/14,218,25,25
2013/04/14,219,38,38
2013/04/14,221,73,73
2013/04/14,223,9,0
2013/04/14,232,24,24
2013/04/14,233,4,0
2013/04/14,235,1,1
2013/04/14,236,21,21
2013/04/14,240,49,0
2013/04/14,241,2,4
2013/04/14,244,3,0
2013/04/14,247,2,0
2013/04/14,249,22,1
2013/04/14,254,1,0
2013/04/14,213,2,2
2013/04/22,4,2,3
2013/04/22,9,1,0
2013/04/22,10,2,0
2013/04/22,20,2,2
2013/04/22,28,8,0
2013/04/22,33,1,1
2013/04/22,36,7,0
2013/04/22,40,6,0
2013/04/22,44,3,0
2013/04/22,46,2,2
2013/04/22,47,14,0
2013/04/22,49,6,6
2013/04/22,50,4,4
2013/04/22,52,2,2
2013/04/22,54,2,2
2013/04/22,55,9,0
2013/04/22,62,2,3
2013/04/22,63,3,3
2013/04/22,69,4,4
2013/04/22,70,2,2
2013/04/22,72,2,2
2013/04/22,76,1,0
2013/04/22,77,5,3
2013/04/22,79,1,0
2013/04/22,84,4,0
2013/04/22,85,0,5
2013/04/22,88,3,3
2013/04/22,89,2,2
2013/04/22,90,3,3
2013/04/22,239,4,4
2013/04/22,108,3,3
2013/04/22,118,2,1
2013/04/22,119,0,3
2013/04/22,123,0,1
2013/04/22,124,2,0
2013/04/22,125,3,0
2013/04/22,130,1,1
2013/04/22,134,3,0
2013/04/22,147,3,0
2013/04/22,151,1,0
2013/04/22,152,2,2
2013/04/22,156,4,4
2013/04/22,161,9,0
2013/04/22,165,2,0
2013/04/22,169,3,8
2013/04/22,171,8,8
2013/04/22,172,6,0
2013/04/22,175,8,0
2013/04/22,176,0,1
2013/04/22,184,2,0
2013/04/22,194,1,0
2013/04/22,199,6,0
2013/04/22,200,5,5
2013/04/22,202,3,0
2013/04/22,203,7,0
2013/04/22,208,0,6
2013/04/22,215,6,6
2013/04/22,216,3,3
2013/04/22,218,2,2
2013/04/22,219,3,3
2013/04/22,221,10,10
2013/04/22,223,4,0
2013/04/22,236,1,1
2013/04/22,240,2,0
2013/04/22,247,3,0
2013/04/22,249,6,0
2013/04/22,250,5,5
2013/04/22,254,6,0
2013/06/04,10,2,0
2013/06/04,11,3,0
2013/06/04,18,4,0
2013/06/04,19,1,1
2013/06/04,28,4,0
2013/06/04,34,6,6
2013/06/04,40,2,0
2013/06/04,43,2,0
2013/06/04,46,1,1
2013/06/04,47,8,0
2013/06/04,49,4,4
2013/06/04,50,2,2
2013/06/04,52,1,0
2013/06/04,55,6,0
2013/06/04,62,0,2
2013/06/04,67,0,1
2013/06/04,69,4,4
2013/06/04,70,3,3
2013/06/04,77,4,1
2013/06/04,84,7,0
2013/06/04,86,1,1
2013/06/04,88,2,2
2013/06/04,89,2,2
2013/06/04,90,1,1
2013/06/04,250,2,2
2013/06/04,108,2,4
2013/06/04,118,2,2
2013/06/04,119,1,3
2013/06/04,125,8,5
2013/06/04,130,1,1
2013/06/04,133,1,1
2013/06/04,134,2,0
2013/06/04,138,1,1
2013/06/04,142,3,3
2013/06/04,146,1,4
2013/06/04,147,4,0
2013/06/04,151,1,0
2013/06/04,155,1,1
2013/06/04,156,4,4
2013/06/04,157,3,0
2013/06/04,161,3,0
2013/06/04,169,0,11
2013/06/04,171,1,1
2013/06/04,172,3,0
2013/06/04,175,5,0
2013/06/04,184,1,0
2013/06/04,199,3,0
2013/06/04,200,1,1
2013/06/04,202,1,1
2013/06/04,208,0,12
2013/06/04,212,2,0
2013/06/04,215,3,3
2013/06/04,218,1,1
2013/06/04,219,5,5
2013/06/04,221,7,7
2013/06/04,223,2,0
2013/06/04,232,1,1
2013/06/04,236,5,5
2013/06/04,239,3,3
2013/06/04,240,7,0
2013/06/04,247,1,0
2013/06/04,249,2,1
2013/06/04,251,2,0
2013/06/04,252,1,1
2013/06/04,253,1,1
2013-Jun-26,4,2,0
2013-Jun-26,6,2,0
2013-Jun-26,10,1,0
2013-Jun-26,253,21,6
2013-Jun-26,18,40,1
2013-Jun-26,19,2,1
2013-Jun-26,20,1,0
2013-Jun-26,22,10,0
2013-Jun-26,28,31,0
2013-Jun-26,33,2,1
2013-Jun-26,36,3,0
2013-Jun-26,38,2,2
2013-Jun-26,40,3,0
2013-Jun-26,41,4,0
2013-Jun-26,43,10,0
2013-Jun-26,47,47,0
2013-Jun-26,49,16,13
2013-Jun-26,50,16,7
2013-Jun-26,51,3,0
2013-Jun-26,52,4,0
2013-Jun-26,54,4,1
2013-Jun-26,55,27,0
2013-Jun-26,57,7,2
2013-Jun-26,60,7,0
2013-Jun-26,61,0,1
2013-Jun-26,62,6,5
2013-Jun-26,65,5,0
2013-Jun-26,67,1,2
2013-Jun-26,69,17,5
2013-Jun-26,252,1,1
2013-Jun-26,77,5,0
2013-Jun-26,251,45,0
2013-Jun-26,88,12,0
2013-Jun-26,89,1,2
2013-Jun-26,90,7,3
2013-Jun-26,103,1,0
2013-Jun-26,108,6,6
2013-Jun-26,118,0,8
2013-Jun-26,124,5,0
2013-Jun-26,125,28,0
2013-Jun-26,130,2,2
2013-Jun-26,133,12,6
2013-Jun-26,134,7,0
2013-Jun-26,137,3,0
2013-Jun-26,138,1,1
2013-Jun-26,142,17,0
2013-Jun-26,147,12,0
2013-Jun-26,149,1,0
2013-Jun-26,152,1,0
2013-Jun-26,155,2,4
2013-Jun-26,156,1,0
2013-Jun-26,160,8,0
2013-Jun-26,161,6,0
2013-Jun-26,169,5,0
2013-Jun-26,171,1,0
2013-Jun-26,172,12,0
2013-Jun-26,174,5,2
2013-Jun-26,175,17,0
2013-Jun-26,184,1,0
2013-Jun-26,199,5,0
2013-Jun-26,200,18,0
2013-Jun-26,202,7,0
2013-Jun-26,212,2,0
2013-Jun-26,214,4,2
2013-Jun-26,215,19,6
2013-Jun-26,216,1,0
2013-Jun-26,218,13,7
2013-Jun-26,219,13,3
2013-Jun-26,221,19,6
2013-Jun-26,223,3,0
2013-Jun-26,236,9,5
2013-Jun-26,239,20,0
2013-Jun-26,240,24,0
2013-Jun-26,241,1,3
2013-Jun-26,247,1,0
2013-Jun-26,255,21,20
2013-Jun-26,256,3,0
2013-Jun-26,257,10,10
2013-Jul-12,253,13,10
2013-Jul-12,18,32,0
2013-Jul-12,19,5,0
2013-Jul-12,20,2,0
2013-Jul-12,22,1,0
2013-Jul-12,28,24,0
2013-Jul-12,38,1,1
2013-Jul-12,40,6,0
2013-Jul-12,43,1,0
2013-Jul-12,44,17,2
2013-Jul-12,47,44,0
2013-Jul-12,49,13,2
2013-Jul-12,50,6,5
2013-Jul-12,51,7,0
2013-Jul-12,52,11,9
2013-Jul-12,54,2,0
2013-Jul-12,55,15,0
2013-Jul-12,60,5,0
2013-Jul-12,62,1,0
2013-Jul-12,65,8,0
2013-Jul-12,69,6,2
2013-Jul-12,252,2,1
2013-Jul-12,76,11,0
2013-Jul-12,77,10,3
2013-Jul-12,251,33,0
2013-Jul-12,79,3,0
2013-Jul-12,84,7,0
2013-Jul-12,88,12,0
2013-Jul-12,89,3,0
2013-Jul-12,90,5,4
2013-Jul-12,103,6,0
2013-Jul-12,106,2,0
2013-Jul-12,108,4,4
2013-Jul-12,118,0,1
2013-Jul-12,119,0,4
2013-Jul-12,124,9,0
2013-Jul-12,125,20,5
2013-Jul-12,130,10,8
2013-Jul-12,131,0,1
2013-Jul-12,133,8,7
2013-Jul-12,137,5,5
2013-Jul-12,257,3,3
2013-Jul-12,142,9,1
2013-Jul-12,145,0,2
2013-Jul-12,146,4,0
2013-Jul-12,147,9,0
2013-Jul-12,149,2,0
2013-Jul-12,255,11,12
2013-Jul-12,155,1,5
2013-Jul-12,156,2,0
2013-Jul-12,161,6,0
2013-Jul-12,169,2,3
2013-Jul-12,172,12,0
2013-Jul-12,175,14,0
2013-Jul-12,194,2,0
2013-Jul-12,199,13,0
2013-Jul-12,200,13,0
2013-Jul-12,202,6,0
2013-Jul-12,214,2,0
2013-Jul-12,215,11,8
2013-Jul-12,218,11,11
2013-Jul-12,219,7,5
2013-Jul-12,221,15,13
2013-Jul-12,223,5,0
2013-Jul-12,226,4,3
2013-Jul-12,236,11,9
2013-Jul-12,239,14,0
2013-Jul-12,240,20,0
2013-Jul-12,241,1,5
2013-Jul-12,247,0,1
2013-Jul-12,258,9,9
2013-Jul-12,259,1,0
2013-Jul-12,260,2,0
2013-Aug-26,4,1,1
2013-Aug-26,6,1,0
2013-Aug-26,10,3,0
2013-Aug-26,253,23,17
2013-Aug-26,18,45,5
2013-Aug-26,19,12,0
2013-Aug-26,20,7,0
2013-Aug-26,22,19,0
2013-Aug-26,25,0,1
2013-Aug-26,28,56,0
2013-Aug-26,33,1,1
2013-Aug-26,34,2,1
2013-Aug-26,38,1,1
2013-Aug-26,40,13,0
2013-Aug-26,44,14,6
2013-Aug-26,47,52,0
2013-Aug-26,49,27,23
2013-Aug-26,50,13,11
2013-Aug-26,51,24,0
2013-Aug-26,52,30,12
2013-Aug-26,55,10,0
2013-Aug-26,261,9,8
2013-Aug-26,60,17,0
2013-Aug-26,62,4,5
2013-Aug-26,63,2,1
2013-Aug-26,65,25,2
2013-Aug-26,67,0,1
2013-Aug-26,69,35,30
2013-Aug-26,256,5,0
2013-Aug-26,76,9,0
2013-Aug-26,77,30,9
2013-Aug-26,251,9,0
2013-Aug-26,79,6,0
2013-Aug-26,84,34,0
2013-Aug-26,88,26,0
2013-Aug-26,89,22,0
2013-Aug-26,90,6,4
2013-Aug-26,250,7,0
2013-Aug-26,103,10,0
2013-Aug-26,108,7,7
2013-Aug-26,258,26,19
2013-Aug-26,116,1,1
2013-Aug-26,117,1,0
2013-Aug-26,118,16,12
2013-Aug-26,260,8,5
2013-Aug-26,119,9,9
2013-Aug-26,123,0,8
2013-Aug-26,124,14,0
2013-Aug-26,125,51,2
2013-Aug-26,128,1,1
2013-Aug-26,130,7,6
2013-Aug-26,133,21,20
2013-Aug-26,134,20,0
2013-Aug-26,137,8,8
2013-Aug-26,138,8,3
2013-Aug-26,257,13,11
2013-Aug-26,142,19,0
2013-Aug-26,146,19,10
2013-Aug-26,147,30,0
2013-Aug-26,149,7,0
2013-Aug-26,150,1,1
2013-Aug-26,255,10,7
2013-Aug-26,155,2,8
2013-Aug-26,156,12,10
2013-Aug-26,161,22,0
2013-Aug-26,169,8,19
2013-Aug-26,172,15,0
2013-Aug-26,174,10,5
2013-Aug-26,175,26,0
2013-Aug-26,176,0,8
2013-Aug-26,180,1,0
2013-Aug-26,184,3,0
2013-Aug-26,194,1,0
2013-Aug-26,199,27,0
2013-Aug-26,200,25,0
2013-Aug-26,202,15,0
2013-Aug-26,263,3,0
2013-Aug-26,214,3,0
2013-Aug-26,215,28,18
2013-Aug-26,218,7,8
2013-Aug-26,219,23,20
2013-Aug-26,221,51,51
2013-Aug-26,223,12,0
2013-Aug-26,226,2,1
2013-Aug-26,236,11,9
2013-Aug-26,239,16,28
2013-Aug-26,241,0,3
2013-Aug-26,247,6,2
2013-Aug-26,249,28,2
2013-Aug-26,262,24,17
2013-Sep-27,6,5,2
2013-Sep-27,9,9,7
2013-Sep-27,253,13,11
2013-Sep-27,18,64,2
2013-Sep-27,19,19,0
2013-Sep-27,20,4,1
2013-Sep-27,22,16,0
2013-Sep-27,28,60,0
2013-Sep-27,32,1,1
2013-Sep-27,33,1,1
2013-Sep-27,34,5,3
2013-Sep-27,36,12,0
2013-Sep-27,38,2,2
2013-Sep-27,40,13,0
2013-Sep-27,43,5,1
2013-Sep-27,44,73,10
2013-Sep-27,46,5,8
2013-Sep-27,47,61,0
2013-Sep-27,49,30,26
2013-Sep-27,50,25,23
2013-Sep-27,51,32,0
2013-Sep-27,52,15,4
2013-Sep-27,60,3,0
2013-Sep-27,61,1,1
2013-Sep-27,62,12,10
2013-Sep-27,63,10,8
2013-Sep-27,65,1,0
2013-Sep-27,67,0,1
2013-Sep-27,69,48,48
2013-Sep-27,252,1,1
2013-Sep-27,70,4,4
2013-Sep-27,76,30,4
2013-Sep-27,263,9,0
2013-Sep-27,77,8,1
2013-Sep-27,79,4,0
2013-Sep-27,84,12,0
2013-Sep-27,86,2,0
2013-Sep-27,88,20,0
2013-Sep-27,89,21,21
2013-Sep-27,90,13,13
2013-Sep-27,250,3,0
2013-Sep-27,106,5,0
2013-Sep-27,108,2,3
2013-Sep-27,258,17,16
2013-Sep-27,254,12,0
2013-Sep-27,262,28,21
2013-Sep-27,110,1,0
2013-Sep-27,114,1,1
2013-Sep-27,119,13,4
2013-Sep-27,123,0,20
2013-Sep-27,124,22,0
2013-Sep-27,128,4,4
2013-Sep-27,130,15,15
2013-Sep-27,131,0,1
2013-Sep-27,133,12,12
2013-Sep-27,134,8,0
2013-Sep-27,136,9,9
2013-Sep-27,137,10,10
2013-Sep-27,261,24,23
2013-Sep-27,138,4,3
2013-Sep-27,257,5,4
2013-Sep-27,142,30,0
2013-Sep-27,146,4,4
2013-Sep-27,147,12,0
2013-Sep-27,149,2,0
2013-Sep-27,150,1,1
2013-Sep-27,255,25,24
2013-Sep-27,155,18,20
2013-Sep-27,156,21,20
2013-Sep-27,157,8,0
2013-Sep-27,160,1,0
2013-Sep-27,161,21,0
2013-Sep-27,167,2,0
2013-Sep-27,169,12,27
2013-Sep-27,171,2,0
2013-Sep-27,172,28,0
2013-Sep-27,174,2,1
2013-Sep-27,175,19,0
2013-Sep-27,176,0,5
2013-Sep-27,184,1,0
2013-Sep-27,199,21,1
2013-Sep-27,200,1,0
2013-Sep-27,202,3,0
2013-Sep-27,203,20,0
2013-Sep-27,208,0,10
2013-Sep-27,210,9,4
2013-Sep-27,214,9,9
2013-Sep-27,215,5,0
2013-Sep-27,219,23,22
2013-Sep-27,221,53,52
2013-Sep-27,223,4,0
2013-Sep-27,239,19,0
2013-Sep-27,240,55,0
2013-Sep-27,247,1,0
2013-Sep-27,249,29,16
2013-Sep-27,264,9,9
2013-Sep-27,269,35,0
2013-Sep-27,273,13,13
2013-Sep-27,271,11,19
2013-Sep-27,276,6,0
2013-Sep-27,270,15,4
2013-Sep-27,272,5,5
2013-Sep-27,265,2,0
2013-Sep-27,266,5,5
2013-Sep-27,274,2,0
2013-Sep-27,267,1,1
2013-Sep-27,268,29,16
2013-Sep-27,275,1,0
2013-Nov-01,2,2,0
2013-Nov-01,6,3,0
2013-Nov-01,9,9,8
2013-Nov-01,253,3,3
2013-Nov-01,18,43,0
2013-Nov-01,268,12,7
2013-Nov-01,19,18,0
2013-Nov-01,22,9,0
2013-Nov-01,28,55,3
2013-Nov-01,33,2,1
2013-Nov-01,34,4,3
2013-Nov-01,36,5,0
2013-Nov-01,38,3,3
2013-Nov-01,40,20,1
2013-Nov-01,44,41,0
2013-Nov-01,46,5,8
2013-Nov-01,47,40,0
2013-Nov-01,49,26,27
2013-Nov-01,50,38,38
2013-Nov-01,269,23,0
2013-Nov-01,51,40,0
2013-Nov-01,52,11,5
2013-Nov-01,275,5,2
2013-Nov-01,61,0,1
2013-Nov-01,62,10,10
2013-Nov-01,63,16,13
2013-Nov-01,67,0,1
2013-Nov-01,69,33,33
2013-Nov-01,252,2,2
2013-Nov-01,70,5,4
2013-Nov-01,265,20,17
2013-Nov-01,76,19,0
2013-Nov-01,263,10,0
2013-Nov-01,77,12,13
2013-Nov-01,266,16,2
2013-Nov-01,79,5,0
2013-Nov-01,84,6,0
2013-Nov-01,86,5,1
2013-Nov-01,88,10,0
2013-Nov-01,90,13,13
2013-Nov-01,93,2,1
2013-Nov-01,272,13,13
2013-Nov-01,279,2,1
2013-Nov-01,250,2,0
2013-Nov-01,103,7,0
2013-Nov-01,108,8,15
2013-Nov-01,258,14,14
2013-Nov-01,254,29,1
2013-Nov-01,262,20,15
2013-Nov-01,260,4,1
2013-Nov-01,119,8,4
2013-Nov-01,124,14,0
2013-Nov-01,128,2,2
2013-Nov-01,130,9,9
2013-Nov-01,267,14,14
2013-Nov-01,133,7,7
2013-Nov-01,134,14,0
2013-Nov-01,136,13,13
2013-Nov-01,137,14,13
2013-Nov-01,261,14,14
2013-Nov-01,139,1,0
2013-Nov-01,142,16,0
2013-Nov-01,145,1,0
2013-Nov-01,146,5,13
2013-Nov-01,147,26,0
2013-Nov-01,149,2,0
2013-Nov-01,151,1,0
2013-Nov-01,255,26,26
2013-Nov-01,155,3,3
2013-Nov-01,156,24,23
2013-Nov-01,157,10,0
2013-Nov-01,160,3,0
2013-Nov-01,161,20,0
2013-Nov-01,165,18,10
2013-Nov-01,274,26,1
2013-Nov-01,169,8,17
2013-Nov-01,171,6,0
2013-Nov-01,172,17,0
2013-Nov-01,174,2,1
2013-Nov-01,175,8,0
2013-Nov-01,178,3,0
2013-Nov-01,280,5,2
2013-Nov-01,192,2,0
2013-Nov-01,273,10,8
2013-Nov-01,270,17,5
2013-Nov-01,194,5,5
2013-Nov-01,199,24,0
2013-Nov-01,200,23,0
2013-Nov-01,203,17,0
2013-Nov-01,208,0,23
2013-Nov-01,212,12,0
2013-Nov-01,214,6,6
2013-Nov-01,215,10,7
2013-Nov-01,218,4,4
2013-Nov-01,219,20,20
2013-Nov-01,221,46,46
2013-Nov-01,223,6,0
2013-Nov-01,239,28,0
2013-Nov-01,240,38,0
2013-Nov-01,271,5,5
2013-Nov-01,249,20,19
2013-Nov-01,277,12,0
2013-Nov-01,282,23,0
2013-Nov-01,283,16,11
2013-Nov-01,284,1,0
2013-Dec-02,2,2,0
2013-Dec-02,6,3,0
2013-Dec-02,9,8,11
2013-Dec-02,10,2,0
2013-Dec-02,253,3,3
2013-Dec-02,18,54,0
2013-Dec-02,268,11,4
2013-Dec-02,19,14,0
2013-Dec-02,20,2,0
2013-Dec-02,22,10,0
2013-Dec-02,28,61,7
2013-Dec-02,264,7,7
2013-Dec-02,33,8,8
2013-Dec-02,34,4,2
2013-Dec-02,38,4,4
2013-Dec-02,40,19,19
2013-Dec-02,46,6,11
2013-Dec-02,47,50,0
2013-Dec-02,283,29,29
2013-Dec-02,49,30,31
2013-Dec-02,50,23,23
2013-Dec-02,269,20,0
2013-Dec-02,52,11,6
2013-Dec-02,275,10,0
2013-Dec-02,54,2,1
2013-Dec-02,61,2,0
2013-Dec-02,62,14,17
2013-Dec-02,63,14,13
2013-Dec-02,67,3,1
2013-Dec-02,69,43,43
2013-Dec-02,70,13,12
2013-Dec-02,265,40,22
2013-Dec-02,76,30,0
2013-Dec-02,263,16,0
2013-Dec-02,266,6,2
2013-Dec-02,79,2,0
2013-Dec-02,84,23,0
2013-Dec-02,86,1,1
2013-Dec-02,88,19,4
2013-Dec-02,89,12,12
2013-Dec-02,90,8,8
2013-Dec-02,279,6,4
2013-Dec-02,272,3,3
2013-Dec-02,103,14,0
2013-Dec-02,106,2,0
2013-Dec-02,108,8,14
2013-Dec-02,258,14,14
2013-Dec-02,119,14,7
2013-Dec-02,123,0,7
2013-Dec-02,124,10,0
2013-Dec-02,130,7,7
2013-Dec-02,131,0,7
2013-Dec-02,267,7,7
2013-Dec-02,133,19,19
2013-Dec-02,276,2,0
2013-Dec-02,134,16,0
2013-Dec-02,136,15,15
2013-Dec-02,137,12,9
2013-Dec-02,261,3,3
2013-Dec-02,138,10,8
2013-Dec-02,139,1,1
2013-Dec-02,142,17,1
2013-Dec-02,146,2,3
2013-Dec-02,147,29,0
2013-Dec-02,149,5,3
2013-Dec-02,280,3,4
2013-Dec-02,255,32,32
2013-Dec-02,155,17,19
2013-Dec-02,156,24,24
2013-Dec-02,157,17,6
2013-Dec-02,282,34,0
2013-Dec-02,160,17,3
2013-Dec-02,161,29,0
2013-Dec-02,165,29,13
2013-Dec-02,274,33,0
2013-Dec-02,169,8,25
2013-Dec-02,171,17,2
2013-Dec-02,172,44,0
2013-Dec-02,277,22,0
2013-Dec-02,174,4,2
2013-Dec-02,175,17,0
2013-Dec-02,178,1,0
2013-Dec-02,273,4,5
2013-Dec-02,270,15,0
2013-Dec-02,194,10,10
2013-Dec-02,199,17,0
2013-Dec-02,200,25,0
2013-Dec-02,203,27,0
2013-Dec-02,208,20,0
2013-Dec-02,212,67,0
2013-Dec-02,214,6,8
2013-Dec-02,215,18,8
2013-Dec-02,216,1,4
2013-Dec-02,217,8,8
2013-Dec-02,218,18,13
2013-Dec-02,219,21,18
2013-Dec-02,221,46,46
2013-Dec-02,223,20,0
2013-Dec-02,239,34,0
2013-Dec-02,240,19,0
2013-Dec-02,271,7,7
2013-Dec-02,249,14,13
2013-Dec-02,284,4,3
2013-Dec-02,285,16,0
2013-Dec-02,286,2,0
2014-Jan-17,4,1,1
2014-Jan-17,6,6,1
2014-Jan-17,9,5,4
2014-Jan-17,10,12,0
2014-Jan-17,11,1,0
2014-Jan-17,253,14,12
2014-Jan-17,18,46,1
2014-Jan-17,268,2,1
2014-Jan-17,19,6,0
2014-Jan-17,20,5,0
2014-Jan-17,22,6,0
2014-Jan-17,28,51,3
2014-Jan-17,264,2,2
2014-Jan-17,34,2,1
2014-Jan-17,36,16,0
2014-Jan-17,40,9,0
2014-Jan-17,44,10,7
2014-Jan-17,46,3,3
2014-Jan-17,283,26,20
2014-Jan-17,49,24,22
2014-Jan-17,50,13,10
2014-Jan-17,269,5,0
2014-Jan-17,52,3,1
2014-Jan-17,275,12,0
2014-Jan-17,62,11,8
2014-Jan-17,63,11,8
2014-Jan-17,35,16,3
2014-Jan-17,67,6,4
2014-Jan-17,69,29,24
2014-Jan-17,70,6,6
2014-Jan-17,265,21,15
2014-Jan-17,76,11,0
2014-Jan-17,263,4,0
2014-Jan-17,266,3,0
2014-Jan-17,79,1,0
2014-Jan-17,84,16,0
2014-Jan-17,88,10,0
2014-Jan-17,89,2,2
2014-Jan-17,90,13,12
2014-Jan-17,279,5,4
2014-Jan-17,250,4,0
2014-Jan-17,103,23,0
2014-Jan-17,108,5,6
2014-Jan-17,258,3,4
2014-Jan-17,254,26,3
2014-Jan-17,262,11,18
2014-Jan-17,284,8,4
2014-Jan-17,119,10,1
2014-Jan-17,123,0,12
2014-Jan-17,124,16,0
2014-Jan-17,125,15,0
2014-Jan-17,130,9,8
2014-Jan-17,267,10,8
2014-Jan-17,133,12,10
2014-Jan-17,134,17,0
2014-Jan-17,136,16,16
2014-Jan-17,137,7,7
2014-Jan-17,138,2,2
2014-Jan-17,139,1,0
2014-Jan-17,142,12,0
2014-Jan-17,146,22,4
2014-Jan-17,147,16,0
2014-Jan-17,149,1,0
2014-Jan-17,280,2,1
2014-Jan-17,255,15,15
2014-Jan-17,155,6,6
2014-Jan-17,156,19,15
2014-Jan-17,157,13,5
2014-Jan-17,282,25,0
2014-Jan-17,160,4,0
2014-Jan-17,161,13,0
2014-Jan-17,165,8,0
2014-Jan-17,167,2,0
2014-Jan-17,274,11,0
2014-Jan-17,169,12,22
2014-Jan-17,171,16,2
2014-Jan-17,172,27,0
2014-Jan-17,277,6,0
2014-Jan-17,174,4,1
2014-Jan-17,175,21,0
2014-Jan-17,176,0,8
2014-Jan-17,184,1,0
2014-Jan-17,192,2,0
2014-Jan-17,270,4,0
2014-Jan-17,194,2,1
2014-Jan-17,199,17,0
2014-Jan-17,200,18,0
2014-Jan-17,301,3,1
2014-Jan-17,203,14,0
2014-Jan-17,208,0,11
2014-Jan-17,212,69,1
2014-Jan-17,214,4,6
2014-Jan-17,215,15,6
2014-Jan-17,216,5,3
2014-Jan-17,217,2,3
2014-Jan-17,218,2,2
2014-Jan-17,219,28,26
2014-Jan-17,221,17,17
2014-Jan-17,259,2,1
2014-Jan-17,223,4,0
2014-Jan-17,239,30,0
2014-Jan-17,240,20,0
2014-Jan-17,271,14,17
2014-Jan-17,249,7,5
2014-Mar-25,9,4,3
2014-Mar-25,10,8,0
2014-Mar-25,286,1,3
2014-Mar-25,253,35,30
2014-Mar-25,18,2,0
2014-Mar-25,268,10,4
2014-Mar-25,19,26,0
2014-Mar-25,20,8,0
2014-Mar-25,28,130,9
2014-Mar-25,264,7,7
2014-Mar-25,34,15,9
2014-Mar-25,36,28,0
2014-Mar-25,38,2,2
2014-Mar-25,40,22,0
2014-Mar-25,44,80,48
2014-Mar-25,46,11,11
2014-Mar-25,47,52,0
2014-Mar-25,283,55,48
2014-Mar-25,49,34,31
2014-Mar-25,50,43,43
2014-Mar-25,269,55,14
2014-Mar-25,287,73,0
2014-Mar-25,52,24,17
2014-Mar-25,63,20,20
2014-Mar-25,69,65,64
2014-Mar-25,252,2,2
2014-Mar-25,70,9,8
2014-Mar-25,265,35,30
2014-Mar-25,76,46,32
2014-Mar-25,266,3,0
2014-Mar-25,79,6,0
2014-Mar-25,90,15,21
2014-Mar-25,279,6,3
2014-Mar-25,250,6,0
2014-Mar-25,103,28,0
2014-Mar-25,106,1,0
2014-Mar-25,108,26,36
2014-Mar-25,258,28,29
2014-Mar-25,254,95,10
2014-Mar-25,262,24,20
2014-Mar-25,284,23,16
2014-Mar-25,119,1,9
2014-Mar-25,123,0,28
2014-Mar-25,124,38,0
2014-Mar-25,125,52,6
2014-Mar-25,128,3,8
2014-Mar-25,130,14,11
2014-Mar-25,267,24,23
2014-Mar-25,133,1,0
2014-Mar-25,134,10,0
2014-Mar-25,136,29,29
2014-Mar-25,137,9,7
2014-Mar-25,138,3,3
2014-Mar-25,139,2,1
2014-Mar-25,142,33,0
2014-Mar-25,147,55,14
2014-Mar-25,149,1,0
2014-Mar-25,150,1,1
2014-Mar-25,255,39,39
2014-Mar-25,155,5,4
2014-Mar-25,156,33,27
2014-Mar-25,157,62,0
2014-Mar-25,282,49,0
2014-Mar-25,161,8,0
2014-Mar-25,165,56,13
2014-Mar-25,167,6,5
2014-Mar-25,274,29,0
2014-Mar-25,169,13,29
2014-Mar-25,171,54,15
2014-Mar-25,172,37,0
2014-Mar-25,174,12,4
2014-Mar-25,175,36,0
2014-Mar-25,176,0,13
2014-Mar-25,178,2,0
2014-Mar-25,184,6,0
2014-Mar-25,192,3,0
2014-Mar-25,273,1,1
2014-Mar-25,270,37,0
2014-Mar-25,199,34,0
2014-Mar-25,200,25,0
2014-Mar-25,208,0,22
2014-Mar-25,212,95,0
2014-Mar-25,214,5,5
2014-Mar-25,215,26,23
2014-Mar-25,216,10,14
2014-Mar-25,217,1,1
2014-Mar-25,218,1,1
2014-Mar-25,219,55,52
2014-Mar-25,221,69,69
2014-Mar-25,223,9,0
2014-Mar-25,239,49,0
2014-Mar-25,240,56,0
2014-Mar-25,271,14,15
2014-Mar-25,249,7,7
2014-May-05,6,1,2
2014-May-05,10,2,0
2014-May-05,286,1,0
2014-May-05,253,14,12
2014-May-05,18,93,1
2014-May-05,19,15,0
2014-May-05,20,2,0
2014-May-05,28,66,0
2014-May-05,264,6,6
2014-May-05,34,2,1
2014-May-05,36,34,0
2014-May-05,40,5,0
2014-May-05,44,35,32
2014-May-05,46,11,12
2014-May-05,47,42,0
2014-May-05,283,30,23
2014-May-05,49,28,28
2014-May-05,50,19,18
2014-May-05,269,26,1
2014-May-05,52,10,9
2014-May-05,63,4,3
2014-May-05,67,2,1
2014-May-05,69,44,44
2014-May-05,70,12,9
2014-May-05,265,25,10
2014-May-05,76,28,20
2014-May-05,266,2,0
2014-May-05,79,3,0
2014-May-05,84,13,0
2014-May-05,86,3,0
2014-May-05,90,1,2
2014-May-05,250,3,0
2014-May-05,103,35,0
2014-May-05,108,16,17
2014-May-05,258,17,17
2014-May-05,254,54,4
2014-May-05,262,11,9
2014-May-05,284,10,6
2014-May-05,117,1,0
2014-May-05,123,0,18
2014-May-05,124,36,0
2014-May-05,125,43,2
2014-May-05,128,0,3
2014-May-05,130,10,10
2014-May-05,267,13,11
2014-May-05,276,1,1
2014-May-05,136,13,13
2014-May-05,137,10,10
2014-May-05,139,1,0
2014-May-05,142,31,0
2014-May-05,147,22,31
2014-May-05,149,4,0
2014-May-05,255,25,25
2014-May-05,155,6,6
2014-May-05,156,27,27
2014-May-05,157,34,2
2014-May-05,282,21,0
2014-May-05,160,14,0
2014-May-05,161,5,0
2014-May-05,165,42,0
2014-May-05,167,2,2
2014-May-05,274,17,0
2014-May-05,169,7,12
2014-May-05,171,28,10
2014-May-05,172,27,1
2014-May-05,174,21,9
2014-May-05,175,31,0
2014-May-05,288,41,0
2014-May-05,176,0,3
2014-May-05,178,3,0
2014-May-05,184,4,0
2014-May-05,192,2,0
2014-May-05,270,24,1
2014-May-05,194,6,2
2014-May-05,199,23,0
2014-May-05,200,11,0
2014-May-05,203,2,0
2014-May-05,208,2,13
2014-May-05,212,27,0
2014-May-05,214,6,6
2014-May-05,215,23,7
2014-May-05,216,11,20
2014-May-05,217,3,3
2014-May-05,219,37,37
2014-May-05,221,50,50
2014-May-05,289,30,0
2014-May-05,239,36,0
2014-May-05,240,12,0
2014-May-05,287,28,0
2014-May-05,291,13,3
2014-May-05,292,2,2
2014-May-05,293,1,0
2014-May-05,294,1,1
2014-May-20,9,1,0
2014-May-20,10,9,0
2014-May-20,286,2,1
2014-May-20,253,6,6
2014-May-20,18,35,0
2014-May-20,19,1,3
2014-May-20,268,4,2
2014-May-20,28,33,0
2014-May-20,40,9,1
2014-May-20,47,28,0
2014-May-20,283,6,16
2014-May-20,49,12,10
2014-May-20,50,8,8
2014-May-20,269,19,0
2014-May-20,52,15,11
2014-May-20,63,2,2
2014-May-20,69,19,18
2014-May-20,70,6,6
2014-May-20,265,5,1
2014-May-20,76,5,0
2014-May-20,266,1,0
2014-May-20,84,7,0
2014-May-20,90,2,4
2014-May-20,250,4,0
2014-May-20,103,13,0
2014-May-20,108,6,6
2014-May-20,258,5,5
2014-May-20,262,12,8
2014-May-20,284,7,4
2014-May-20,119,1,0
2014-May-20,123,0,9
2014-May-20,124,20,0
2014-May-20,125,13,0
2014-May-20,130,8,8
2014-May-20,267,3,3
2014-May-20,276,3,0
2014-May-20,134,1,0
2014-May-20,136,6,6
2014-May-20,137,5,5
2014-May-20,142,13,0
2014-May-20,147,2,16
2014-May-20,149,1,0
2014-May-20,255,10,10
2014-May-20,156,7,6
2014-May-20,155,1,1
2014-May-20,157,2,0
2014-May-20,160,1,0
2014-May-20,161,1,0
2014-May-20,165,12,1
2014-May-20,274,7,0
2014-May-20,169,3,0
2014-May-20,171,10,5
2014-May-20,172,14,0
2014-May-20,288,21,0
2014-May-20,174,2,1
2014-May-20,175,10,0
2014-May-20,178,3,0
2014-May-20,293,7,0
2014-May-20,294,14,12
2014-May-20,270,3,0
2014-May-20,194,1,0
2014-May-20,199,25,0
2014-May-20,200,10,0
2014-May-20,221,24,24
2014-May-20,208,0,6
2014-May-20,212,4,0
2014-May-20,214,1,1
2014-May-20,289,6,0
2014-May-20,215,1,1
2014-May-20,216,0,2
2014-May-20,219,10,10
2014-May-20,239,20,0
2014-May-20,287,22,0
2014-May-20,291,1,0
2014-May-20,300,10,0
2014-May-20,296,14,1
2014-May-20,295,5,0
2014-May-20,297,8,0
2014-Jun-17,296,26,2
2014-Jun-17,6,2,1
2014-Jun-17,9,1,2
2014-Jun-17,10,26,0
2014-Jun-17,286,6,0
2014-Jun-17,253,6,4
2014-Jun-17,18,38,0
2014-Jun-17,19,12,12
2014-Jun-17,28,43,0
2014-Jun-17,36,37,0
2014-Jun-17,44,28,13
2014-Jun-17,47,40,0
2014-Jun-17,283,18,13
2014-Jun-17,49,20,20
2014-Jun-17,50,11,11
2014-Jun-17,269,16,0
2014-Jun-17,52,13,11
2014-Jun-17,63,2,2
2014-Jun-17,298,4,3
2014-Jun-17,69,34,34
2014-Jun-17,70,9,7
2014-Jun-17,265,15,11
2014-Jun-17,76,18,0
2014-Jun-17,266,2,0
2014-Jun-17,84,9,0
2014-Jun-17,86,5,2
2014-Jun-17,90,5,8
2014-Jun-17,250,12,0
2014-Jun-17,103,13,0
2014-Jun-17,108,7,6
2014-Jun-17,258,8,8
2014-Jun-17,262,2,1
2014-Jun-17,284,8,5
2014-Jun-17,119,5,0
2014-Jun-17,123,0,15
2014-Jun-17,124,16,0
2014-Jun-17,125,24,3
2014-Jun-17,130,10,7
2014-Jun-17,267,1,1
2014-Jun-17,276,3,1
2014-Jun-17,134,1,0
2014-Jun-17,136,1,1
2014-Jun-17,137,8,8
2014-Jun-17,295,3,1
2014-Jun-17,142,19,0
2014-Jun-17,147,5,36
2014-Jun-17,149,2,0
2014-Jun-17,255,24,24
2014-Jun-17,156,8,8
2014-Jun-17,155,4,0
2014-Jun-17,282,2,0
2014-Jun-17,160,12,0
2014-Jun-17,157,18,0
2014-Jun-17,161,11,0
2014-Jun-17,165,26,0
2014-Jun-17,297,19,0
2014-Jun-17,274,12,0
2014-Jun-17,169,2,9
2014-Jun-17,171,3,2
2014-Jun-17,172,11,0
2014-Jun-17,288,30,0
2014-Jun-17,174,15,4
2014-Jun-17,175,19,0
2014-Jun-17,176,0,2
2014-Jun-17,178,1,0
2014-Jun-17,299,2,2
2014-Jun-17,293,12,0
2014-Jun-17,294,39,20
2014-Jun-17,194,3,2
2014-Jun-17,199,18,0
2014-Jun-17,200,6,0
2014-Jun-17,300,19,0
2014-Jun-17,208,0,8
2014-Jun-17,221,40,38
2014-Jun-17,214,4,4
2014-Jun-17,289,12,0
2014-Jun-17,215,22,12
2014-Jun-17,216,8,13
2014-Jun-17,219,23,22
2014-Jun-17,217,1,1
2014-Jun-17,239,14,0
2014-Jun-17,240,1,0
2014-Jun-17,291,3,3
2014-Jun-17,302,1,1
2014-Jun-17,259,4,0
2014-Jun-17,301,8,1
2014-Jun-17,60,6,0
2014-Jun-17,143,1,1
2014-Jun-17,277,2,0
2014-Aug-18,206,67,1
2014-Aug-18,6,8,0
2014-Aug-18,302,1,0
2014-Aug-18,10,38,0
2014-Aug-18,286,4,1
2014-Aug-18,18,80,0
2014-Aug-18,19,1,0
2014-Aug-18,28,70,0
2014-Aug-18,36,82,0
2014-Aug-18,40,12,0
2014-Aug-18,44,36,35
2014-Aug-18,47,45,0
2014-Aug-18,283,54,38
2014-Aug-18,49,49,36
2014-Aug-18,50,21,16
2014-Aug-18,269,31,0
2014-Aug-18,52,21,15
2014-Aug-18,298,2,1
2014-Aug-18,67,0,1
2014-Aug-18,69,29,25
2014-Aug-18,70,22,15
2014-Aug-18,265,34,7
2014-Aug-18,76,39,0
2014-Aug-18,79,2,0
2014-Aug-18,84,18,0
2014-Aug-18,86,2,1
2014-Aug-18,90,3,11
2014-Aug-18,60,11,0
2014-Aug-18,304,6,0
2014-Aug-18,303,12,0
2014-Aug-18,301,19,4
2014-Aug-18,250,13,0
2014-Aug-18,103,48,0
2014-Aug-18,108,5,3
2014-Aug-18,258,11,10
2014-Aug-18,262,24,10
2014-Aug-18,285,17,12
2014-Aug-18,117,1,2
2014-Aug-18,119,18,4
2014-Aug-18,123,0,8
2014-Aug-18,124,10,0
2014-Aug-18,125,89,2
2014-Aug-18,130,11,10
2014-Aug-18,267,8,5
2014-Aug-18,276,1,1
2014-Aug-18,136,23,23
2014-Aug-18,137,19,19
2014-Aug-18,295,5,1
2014-Aug-18,142,32,0
2014-Aug-18,147,16,2
2014-Aug-18,149,2,0
2014-Aug-18,255,22,21
2014-Aug-18,156,26,22
2014-Aug-18,155,6,5
2014-Aug-18,157,71,0
2014-Aug-18,282,13,0
2014-Aug-18,160,33,0
2014-Aug-18,161,32,0
2014-Aug-18,165,24,0
2014-Aug-18,167,2,0
2014-Aug-18,297,17,0
2014-Aug-18,294,12,1
2014-Aug-18,169,17,25
2014-Aug-18,171,18,8
2014-Aug-18,172,34,0
2014-Aug-18,277,8,0
2014-Aug-18,288,50,0
2014-Aug-18,174,11,4
2014-Aug-18,175,25,0
2014-Aug-18,176,0,2
2014-Aug-18,178,2,0
2014-Aug-18,184,2,0
2014-Aug-18,293,33,0
2014-Aug-18,294,61,36
2014-Aug-18,194,3,0
2014-Aug-18,199,38,0
2014-Aug-18,200,27,3
2014-Aug-18,300,43,0
2014-Aug-18,208,0,10
2014-Aug-18,221,34,27
2014-Aug-18,212,20,0
2014-Aug-18,214,8,6
2014-Aug-18,289,44,0
2014-Aug-18,216,6,10
2014-Aug-18,219,32,29
2014-Aug-18,239,14,0
2014-Aug-18,240,2,0
2014-Aug-18,291,3,3
2014-Aug-18,62,11,8
2014-Aug-18,257,10,10
2014-Aug-18,243,1,0
2014-Aug-18,127,2,2
2014-Aug-18,102,2,0
2014-Oct-10,296,6,0
2014-Oct-10,6,16,0
2014-Oct-10,10,26,0
2014-Oct-10,286,2,0
2014-Oct-10,18,90,0
2014-Oct-10,19,21,20
2014-Oct-10,28,74,0
2014-Oct-10,36,78,0
2014-Oct-10,40,10,0
2014-Oct-10,44,14,10
2014-Oct-10,283,34,25
2014-Oct-10,49,12,12
2014-Oct-10,269,46,0
2014-Oct-10,60,23,1
2014-Oct-10,62,19,10
2014-Oct-10,69,25,25
2014-Oct-10,70,18,12
2014-Oct-10,79,12,0
2014-Oct-10,84,26,0
2014-Oct-10,303,14,0
2014-Oct-10,301,14,8
2014-Oct-10,250,13,0
2014-Oct-10,103,37,0
2014-Oct-10,102,15,0
2014-Oct-10,108,20,18
2014-Oct-10,258,12,12
2014-Oct-10,262,11,9
2014-Oct-10,76,28,0
2014-Oct-10,63,5,4
2014-Oct-10,265,19,10
2014-Oct-10,109,10,0
2014-Oct-10,305,3,0
2014-Oct-10,306,5,0
2014-Oct-10,307,1,0
2014-Oct-10,308,2,0
2014-Oct-10,119,3,0
2014-Oct-10,124,23,0
2014-Oct-10,125,31,3
2014-Oct-10,127,12,12
2014-Oct-10,130,11,10
2014-Oct-10,267,12,12
2014-Oct-10,276,1,0
2014-Oct-10,136,13,13
2014-Oct-10,137,18,18
2014-Oct-10,295,2,0
2014-Oct-10,142,32,1
2014-Oct-10,147,20,0
2014-Oct-10,255,28,27
2014-Oct-10,156,21,21
2014-Oct-10,155,3,3
2014-Oct-10,157,54,1
2014-Oct-10,282,35,0
2014-Oct-10,160,65,0
2014-Oct-10,161,25,0
2014-Oct-10,165,37,1
2014-Oct-10,167,5,8
2014-Oct-10,297,24,0
2014-Oct-10,169,13,28
2014-Oct-10,171,27,5
2014-Oct-10,172,45,0
2014-Oct-10,277,5,0
2014-Oct-10,288,29,0
2014-Oct-10,174,10,5
2014-Oct-10,175,33,0
2014-Oct-10,176,0,16
2014-Oct-10,184,1,0
2014-Oct-10,293,13,0
2014-Oct-10,305,3,0
2014-Oct-10,306,5,0
2014-Oct-10,307,1,0
2014-Oct-10,308,2,0
2014-Oct-10,294,29,13
2014-Oct-10,194,0,6
2014-Oct-10,199,11,0
2014-Oct-10,300,4,0
2014-Oct-10,208,15,0
2014-Oct-10,221,1,1
2014-Oct-10,214,3,2
2014-Oct-10,289,27,0
2014-Oct-10,219,35,31
2014-Oct-10,239,33,0
2014-Oct-10,243,27,0
2014-Oct-10,291,2,2
2014-Oct-10,274,4,0
2014-Oct-10,259,4,1
2014-Oct-10,192,8,0
2014-Oct-10,134,5,0
2014-Oct-10,46,7,9
2014-Oct-10,270,16,1
2014-Oct-10,309,34,0
2014-Oct-10,310,18,0
2014-Oct-10,311,23,23
2014-Oct-10,284,13,8
2014-Oct-10,313,11,10
2014-Oct-10,314,28,22
2014-Oct-10,89,9,9
2015-Jan-23,296,51,0
2015-Jan-23,6,32,0
2015-Jan-23,10,85,0
2015-Jan-23,286,6,1
2015-Jan-23,18,187,0
2015-Jan-23,315,2,1
2015-Jan-23,310,25,0
2015-Jan-23,19,28,21
2015-Jan-23,28,51,0
2015-Jan-23,36,160,0
2015-Jan-23,40,16,0
2015-Jan-23,44,140,99
2015-Jan-23,46,18,20
2015-Jan-23,314,79,39
2015-Jan-23,283,68,40
2015-Jan-23,49,55,36
2015-Jan-23,269,82,0
2015-Jan-23,306,17,17
2015-Jan-23,311,65,53
2015-Jan-23,60,1,0
2015-Jan-23,62,22,16
2015-Jan-23,63,5,5
2015-Jan-23,298,2,1
2015-Jan-23,67,0,1
2015-Jan-23,69,68,60
2015-Jan-23,70,34,29
2015-Jan-23,265,30,19
2015-Jan-23,76,38,1
2015-Jan-23,79,20,0
2015-Jan-23,84,56,0
2015-Jan-23,89,1,1
2015-Jan-23,303,26,3
2015-Jan-23,301,12,9
2015-Jan-23,250,16,0
2015-Jan-23,103,42,0
2015-Jan-23,108,33,24
2015-Jan-23,258,6,6
2015-Jan-23,262,1,0
2015-Jan-23,284,26,12
2015-Jan-23,119,10,0
2015-Jan-23,124,50,0
2015-Jan-23,125,63,1
2015-Jan-23,127,13,13
2015-Jan-23,130,16,14
2015-Jan-23,267,7,4
2015-Jan-23,276,2,1
2015-Jan-23,134,2,0
2015-Jan-23,136,22,22
2015-Jan-23,137,46,39
2015-Jan-23,142,54,3
2015-Jan-23,147,64,0
2015-Jan-23,149,1,0
2015-Jan-23,309,72,0
2015-Jan-23,255,59,59
2015-Jan-23,156,42,37
2015-Jan-23,155,1,2
2015-Jan-23,157,24,0
2015-Jan-23,282,86,0
2015-Jan-23,160,106,0
2015-Jan-23,161,60,0
2015-Jan-23,165,78,1
2015-Jan-23,167,4,1
2015-Jan-23,297,115,0
2015-Jan-23,274,6,0
2015-Jan-23,169,23,50
2015-Jan-23,171,41,18
2015-Jan-23,172,75,0
2015-Jan-23,277,6,0
2015-Jan-23,288,55,6
2015-Jan-23,174,10,2
2015-Jan-23,175,52,0
2015-Jan-23,176,0,26
2015-Jan-23,307,24,17
2015-Jan-23,178,11,0
2015-Jan-23,184,16,0
2015-Jan-23,294,48,21
2015-Jan-23,192,12,0
2015-Jan-23,270,42,1
2015-Jan-23,194,46,14
2015-Jan-23,305,0,2
2015-Jan-23,199,1,0
2015-Jan-23,208,0,22
2015-Jan-23,214,13,8
2015-Jan-23,289,18,0
2015-Jan-23,216,14,16
2015-Jan-23,219,54,59
2015-Jan-23,259,3,0
2015-Jan-23,313,1,0
2015-Jan-23,239,50,0
2015-Jan-23,240,48,0
2015-Jan-23,243,48,0
2015-Jan-23,291,16,11
2015-Jan-23,254,62,3
2015-Jan-23,316,106,0
2015-Jan-23,82,6,1
2015-Jan-23,9,10,1
2015-Jan-23,317,6,0
2015-Jan-23,299,5,2
2015-Jan-23,318,11,0
2015-Jan-23,319,2,2
2015-Jan-23,320,18,16
2015-Jan-23,308,1,1
2015-Jan-23,215,14,0
2015-Jan-23,217,1,1
2015-Jan-23,37,3,3
2015-Jan-23,322,2,0
2015-Jan-23,257,7,1
2015-Jan-23,323,1,0
2015-Apr-24,296,2,2
2015-Apr-24,6,8,0
2015-Apr-24,9,5,2
2015-Apr-24,10,91,0
2015-Apr-24,18,166,0
2015-Apr-24,315,15,5
2015-Apr-24,310,41,0
2015-Apr-24,319,21,33
2015-Apr-24,28,55,0
2015-Apr-24,36,175,0
2015-Apr-24,40,16,0
2015-Apr-24,44,69,46
2015-Apr-24,314,45,20
2015-Apr-24,317,6,0
2015-Apr-24,283,80,50
2015-Apr-24,49,40,6
2015-Apr-24,269,66,0
2015-Apr-24,306,2,2
2015-Apr-24,311,44,35
2015-Apr-24,323,17,9
2015-Apr-24,62,16,14
2015-Apr-24,298,6,0
2015-Apr-24,67,1,1
2015-Apr-24,69,88,67
2015-Apr-24,70,33,33
2015-Apr-24,265,39,14
2015-Apr-24,76,10,0
2015-Apr-24,79,15,0
2015-Apr-24,82,1,0
2015-Apr-24,84,65,0
2015-Apr-24,303,16,0
2015-Apr-24,301,19,6
2015-Apr-24,250,19,0
2015-Apr-24,103,48,0
2015-Apr-24,108,23,21
2015-Apr-24,258,27,7
2015-Apr-24,354,80,3
2015-Apr-24,119,34,0
2015-Apr-24,124,58,0
2015-Apr-24,127,5,5
2015-Apr-24,130,4,2
2015-Apr-24,267,6,6
2015-Apr-24,134,15,0
2015-Apr-24,136,24,24
2015-Apr-24,137,24,18
2015-Apr-24,142,43,0
2015-Apr-24,147,50,18
2015-Apr-24,149,1,0
2015-Apr-24,309,48,0
2015-Apr-24,255,60,46
2015-Apr-24,156,40,38
2015-Apr-24,155,0,5
2015-Apr-24,157,27,0
2015-Apr-24,282,71,0
2015-Apr-24,160,84,0
2015-Apr-24,161,46,0
2015-Apr-24,165,57,0
2015-Apr-24,167,11,11
2015-Apr-24,297,55,0
2015-Apr-24,169,21,51
2015-Apr-24,171,54,21
2015-Apr-24,172,71,0
2015-Apr-24,277,2,0
2015-Apr-24,288,63,0
2015-Apr-24,174,14,6
2015-Apr-24,175,7,0
2015-Apr-24,176,0,15
2015-Apr-24,307,11,3
2015-Apr-24,178,3,0
2015-Apr-24,316,106,0
2015-Apr-24,184,12,0
2015-Apr-24,299,3,0
2015-Apr-24,294,98,42
2015-Apr-24,192,10,11
2015-Apr-24,270,50,1
2015-Apr-24,194,56,5
2015-Apr-24,208,0,15
2015-Apr-24,214,9,9
2015-Apr-24,289,139,0
2015-Apr-24,215,10,5
2015-Apr-24,216,15,42
2015-Apr-24,219,60,58
2015-Apr-24,217,9,9
2015-Apr-24,259,1,0
2015-Apr-24,213,8,1
2015-Apr-24,318,24,0
2015-Apr-24,239,59,0
2015-Apr-24,240,61,0
2015-Apr-24,243,53,0
2015-Apr-24,291,9,8
2015-Apr-24,324,31,2
2015-Apr-24,20,4,0
2015-Apr-24,321,17,0
2015-Apr-24,328,3,0
2015-Apr-24,329,4,2
2015-Apr-24,232,1,0
2015-Apr-24,325,5,20
2015-Apr-24,330,7,7
2015-Apr-24,331,32,22
2015-Apr-24,304,2,0
2015-Apr-24,332,60,0
2015-Apr-24,257,6,0
2015-Apr-24,77,4,0
2015-Apr-24,327,6,0
2015-Aug-17,296,109,0
2015-Aug-17,6,9,0
2015-Aug-17,9,30,2
2015-Aug-17,10,106,0
2015-Aug-17,18,102,0
2015-Aug-17,315,56,25
2015-Aug-17,310,42,0
2015-Aug-17,20,42,0
2015-Aug-17,319,0,9
2015-Aug-17,28,68,0,
2015-Aug-17,36,238,0
2015-Aug-17,40,4,0
2015-Aug-17,314,2,1
2015-Aug-17,283,76,45
2015-Aug-17,49,24,6
2015-Aug-17,269,77,0
2015-Aug-17,311,29,18
2015-Aug-17,323,16,9
2015-Aug-17,317,2,0
2015-Aug-17,62,26,19,
2015-Aug-17,298,6,4
2015-Aug-17,67,0,1
2015-Aug-17,69,63,57
2015-Aug-17,70,66,42,
2015-Aug-17,333,15,1
2015-Aug-17,265,12,5
2015-Aug-17,84,48,0
2015-Aug-17,301,20,17
2015-Aug-17,103,82,0
2015-Aug-17,108,42,33
2015-Aug-17,258,3,2
2015-Aug-17,119,57,0
2015-Aug-17,124,26,0
2015-Aug-17,127,25,24
2015-Aug-17,130,12,9
2015-Aug-17,134,37,0
2015-Aug-17,136,29,29
2015-Aug-17,137,26,11
2015-Aug-17,142,74,2
2015-Aug-17,147,54,8
2015-Aug-17,149,10,2
2015-Aug-17,309,11,0
2015-Aug-17,255,74,73
2015-Aug-17,156,50,28
2015-Aug-17,125,2,0
2015-Aug-17,157,24,0
2015-Aug-17,282,55,0
2015-Aug-17,160,63,0
2015-Aug-17,161,65,2
2015-Aug-17,165,66,3
2015-Aug-17,167,9,4
2015-Aug-17,297,26,0
2015-Aug-17,169,10,20
2015-Aug-17,171,11,6
2015-Aug-17,172,49,0
2015-Aug-17,288,61,0
2015-Aug-17,174,23,11
2015-Aug-17,176,0,15
2015-Aug-17,307,17,1
2015-Aug-17,316,70,0
2015-Aug-17,184,13,0
2015-Aug-17,299,1,1
2015-Aug-17,294,106,44
2015-Aug-17,192,4,4
2015-Aug-17,270,32,2
2015-Aug-17,194,95,0
2015-Aug-17,330,4,3
2015-Aug-17,208,0,20
2015-Aug-17,214,11,11
2015-Aug-17,289,129,0
2015-Aug-17,305,0,2
2015-Aug-17,215,3,0
2015-Aug-17,216,55,23
2015-Aug-17,219,66,63
2015-Aug-17,217,20,20
2015-Aug-17,332,118,0
2015-Aug-17,325,66,66
2015-Aug-17,239,52,0
2015-Aug-17,240,51,0
2015-Aug-17,243,67,0
2015-Aug-17,291,14,13
2015-Aug-17,326,5,3
2015-Aug-17,313,5,1
2015-Aug-17,50,5,3
2015-Aug-17,63,1,1
2015-Aug-17,334,31,3
2015-Aug-17,335,1,0
2015-Aug-17,336,20,2
2015-Aug-17,337,3,0
2015-Aug-17,60,36,0
2015-Aug-17,117,2,1
2015-Aug-17,284,3,1
2015-Aug-17,338,27,0
2015-Oct-05,296,26,0
2015-Oct-05,337,1,1
2015-Oct-05,9,21,1
2015-Oct-05,10,42,0
2015-Oct-05,18,28,0
2015-Oct-05,310,25,0
2015-Oct-05,20,25,1
2015-Oct-05,28,23,7
2015-Oct-05,36,4,0
2015-Oct-05,283,32,13
2015-Oct-05,269,14,0
2015-Oct-05,311,30,22
2015-Oct-05,323,6,2
2015-Oct-05,60,8,0
2015-Oct-05,62,5,3
2015-Oct-05,63,3,3
2015-Oct-05,69,20,16
2015-Oct-05,70,2,2
2015-Oct-05,265,17,0
2015-Oct-05,84,19,0
2015-Oct-05,301,7,3
2015-Oct-05,103,48,0
2015-Oct-05,108,17,10
2015-Oct-05,119,30,1
2015-Oct-05,124,12,0
2015-Oct-05,127,20,13
2015-Oct-05,130,14,9
2015-Oct-05,134,20,0
2015-Oct-05,136,12,12
2015-Oct-05,142,40,0
2015-Oct-05,147,18,2
2015-Oct-05,149,3,2
2015-Oct-05,309,32,1
2015-Oct-05,255,12,12
2015-Oct-05,156,11,1
2015-Oct-05,157,43,0
2015-Oct-05,282,29,3
2015-Oct-05,160,59,0
2015-Oct-05,338,40,0
2015-Oct-05,161,22,0
2015-Oct-05,165,29,4
2015-Oct-05,167,2,1
2015-Oct-05,297,16,0
2015-Oct-05,169,10,12
2015-Oct-05,172,39,0
2015-Oct-05,288,23,0
2015-Oct-05,174,5,2
2015-Oct-05,307,28,0
2015-Oct-05,184,6,0
2015-Oct-05,192,3,0
2015-Oct-05,270,23,0
2015-Oct-05,194,1,0
2015-Oct-05,305,0,2
2015-Oct-05,208,3,8
2015-Oct-05,214,2,2
2015-Oct-05,289,28,0
2015-Oct-05,215,3,1
2015-Oct-05,216,23,1
2015-Oct-05,22,21
2015-Oct-05,332,48,0
2015-Oct-05,313,6,0
2015-Oct-05,325,36,12
2015-Oct-05,336,1,0
2015-Oct-05,239,21,0
2015-Oct-05,240,53,0
2015-Oct-05,291,8,6
2015-Oct-05,339,16,0
2015-Oct-05,340,13,0
2015-Oct-05,341,14,0
2015-Oct-05,342,7,6
2015-Oct-05,343,12,6
2015-Oct-05,344,5,0
2015-Oct-05,79,1,0
2015-Oct-05,345,2,1
2015-Oct-05,346,0,1
2015-Oct-05,82,4,0
2015-Oct-05,286,1,0
2015-Oct-05,347,2,1
2015-Oct-05,199,1,0
2015-Nov-06,296,1,0
2015-Nov-06,337,0,0
2015-Nov-06,6,0,0
2015-Nov-06,9,8,0
2015-Nov-06,10,48,0
2015-Nov-06,286,0,0
2015-Nov-06,18,52,0
2015-Nov-06,315,0,0
2015-Nov-06,310,4,0
2015-Nov-06,20,24,0
2015-Nov-06,319,0,3
2015-Nov-06,22,0,0
2015-Nov-06,346,0,0
2015-Nov-06,28,22,2
2015-Nov-06,36,0,0
2015-Nov-06,314,21,7
2015-Nov-06,283,16,5
2015-Nov-06,50,0,0
2015-Nov-06,269,15,0
2015-Nov-06,311,24,6
2015-Nov-06,323,0,0
2015-Nov-06,317,0,0
2015-Nov-06,60,0,0
2015-Nov-06,62,3,2
2015-Nov-06,63,0,0
2015-Nov-06,298,0,0
2015-Nov-06,348,5,0
2015-Nov-06,254,20,0
2015-Nov-06,349,2,0
2015-Nov-06,67,0,0
2015-Nov-06,69,23,13
2015-Nov-06,70,6,3
2015-Nov-06,265,2,0
2015-Nov-06,79,0,0
2015-Nov-06,341,17,0
2015-Nov-06,82,6,0
2015-Nov-06,84,0,0
2015-Nov-06,345,0,0
2015-Nov-06,347,4,0
2015-Nov-06,301,8,4
2015-Nov-06,103,38,0
2015-Nov-06,108,11,5
2015-Nov-06,258,0,0
2015-Nov-06,284,0,0
2015-Nov-06,117,0,0
2015-Nov-06,335,0,0
2015-Nov-06,119,15,0
2015-Nov-06,124,23,0
2015-Nov-06,125,2,0
2015-Nov-06,127,7,4
2015-Nov-06,130,16,10
2015-Nov-06,134,21,0
2015-Nov-06,342,6,4
2015-Nov-06,136,2,2
2015-Nov-06,142,19,0
2015-Nov-06,340,15,0
2015-Nov-06,147,20,4
2015-Nov-06,149,0,0
2015-Nov-06,339,0,0
2015-Nov-06,309,25,0
2015-Nov-06,255,19,16
2015-Nov-06,156,2,2
2015-Nov-06,157,52,0
2015-Nov-06,282,21,2
2015-Nov-06,160,27,0
2015-Nov-06,338,33,0
2015-Nov-06,161,39,0
2015-Nov-06,165,11,2
2015-Nov-06,176,0,0
2015-Nov-06,297,61,0
2015-Nov-06,169,7,5
2015-Nov-06,171,6,1
2015-Nov-06,172,28,0
2015-Nov-06,288,27,0
2015-Nov-06,174,5,2
2015-Nov-06,176,0,2
2015-Nov-06,307,13,0
2015-Nov-06,344,5,0
2015-Nov-06,316,0,0
2015-Nov-06,184,5,0
2015-Nov-06,299,0,0
2015-Nov-06,294,0,0
2015-Nov-06,192,3,0
2015-Nov-06,270,26,0
2015-Nov-06,194,16,0
2015-Nov-06,305,0,0
2015-Nov-06,333,0,0
2015-Nov-06,199,14,0
2015-Nov-06,330,0,0
2015-Nov-06,208,0,0
2015-Nov-06,214,1,0
2015-Nov-06,289,28,0
2015-Nov-06,343,28,12
2015-Nov-06,215,0,0
2015-Nov-06,216,30,2
2015-Nov-06,219,16,15
2015-Nov-06,217,0,0
2015-Nov-06,332,27,0
2015-Nov-06,313,3,0
2015-Nov-06,325,17,3
2015-Nov-06,336,0,0
2015-Nov-06,239,27,0
2015-Nov-06,240,10,0
2015-Nov-06,291,5,1
2015-Nov-06,326,4,4
2015-Nov-06,350,2,0
2015-Dec-07,296,3,0
2015-Dec-07,337,1,0
2015-Dec-07,6,4,0
2015-Dec-07,9,2,0
2015-Dec-07,10,35,0
2015-Dec-07,286,3,1
2015-Dec-07,18,14,0
2015-Dec-07,315,0,0
2015-Dec-07,310,8,0
2015-Dec-07,20,20,0
2015-Dec-07,319,0,0
2015-Dec-07,22,0,0
2015-Dec-07,346,0,0
2015-Dec-07,28,24,7
2015-Dec-07,36,1,1
2015-Dec-07,314,22,9
2015-Dec-07,283,30,3
2015-Dec-07,50,0,0
2015-Dec-07,269,24,0
2015-Dec-07,311,31,5
2015-Dec-07,323,0,0
2015-Dec-07,317,0,0
2015-Dec-07,60,0,0
2015-Dec-07,62,2,1
2015-Dec-07,63,0,0
2015-Dec-07,298,2,2
2015-Dec-07,67,0,0
2015-Dec-07,69,28,20
2015-Dec-07,70,2,1
2015-Dec-07,265,14,0
2015-Dec-07,79,0,0
2015-Dec-07,341,30,0
2015-Dec-07,82,2,0
2015-Dec-07,84,0,0
2015-Dec-07,345,0,0
2015-Dec-07,347,11,2
2015-Dec-07,301,10,8
2015-Dec-07,103,27,0
2015-Dec-07,108,13,5
2015-Dec-07,258,0,0
2015-Dec-07,254,10,1
2015-Dec-07,284,0,0
2015-Dec-07,117,0,0
2015-Dec-07,335,0,0
2015-Dec-07,119,20,0
2015-Dec-07,124,18,0
2015-Dec-07,125,11,0
2015-Dec-07,127,0,0
2015-Dec-07,134,32,0
2015-Dec-07,342,5,2
2015-Dec-07,136,4,4
2015-Dec-07,142,19,0
2015-Dec-07,340,17,0
2015-Dec-07,147,25,1
2015-Dec-07,149,5,3
2015-Dec-07,339,12,0
2015-Dec-07,309,28,0
2015-Dec-07,255,25,20
2015-Dec-07,156,0,0
2015-Dec-07,157,21,0
2015-Dec-07,282,15,0
2015-Dec-07,160,29,0
2015-Dec-07,338,17,0
2015-Dec-07,161,31,0
2015-Dec-07,165,8,2
2015-Dec-07,167,0,0
2015-Dec-07,297,50,0
2015-Dec-07,169,3,10
2015-Dec-07,171,6,2
2015-Dec-07,172,27,0
2015-Dec-07,288,27,0
2015-Dec-07,174,9,4
2015-Dec-07,176,0,0
2015-Dec-07,307,16,0
2015-Dec-07,344,2,0
2015-Dec-07,316,0,0
2015-Dec-07,184,3,0
2015-Dec-07,348,1,0
2015-Dec-07,299,0,0
2015-Dec-07,294,0,0
2015-Dec-07,192,0,0
2015-Dec-07,270,23,0
2015-Dec-07,194,2,0
2015-Dec-07,305,0,0
2015-Dec-07,349,1,1
2015-Dec-07,350,7,0
2015-Dec-07,333,0,0
2015-Dec-07,199,13,0
2015-Dec-07,330,0,0
2015-Dec-07,208,0,0
2015-Dec-07,214,6,6
2015-Dec-07,289,31,0
2015-Dec-07,343,30,8
2015-Dec-07,215,0,0
2015-Dec-07,216,4,1
2015-Dec-07,219,20,17
2015-Dec-07,217,0,0
2015-Dec-07,332,14,0
2015-Dec-07,313,3,0
2015-Dec-07,325,17,6
2015-Dec-07,336,0,0
2015-Dec-07,239,23,0
2015-Dec-07,240,22,0
2015-Dec-07,291,0,0
2015-Dec-07,326,9,9
2016-Feb-17,337,2,2
2016-Feb-17,10,70,0
2016-Feb-17,286,0,1
2016-Feb-17,18,85,0
2016-Feb-17,315,8,3
2016-Feb-17,310,3,0
2016-Feb-17,20,4,1
2016-Feb-17,319,1,1
2016-Feb-17,28,72,5
2016-Feb-17,314,12,4
2016-Feb-17,283,60,20
2016-Feb-17,269,3,0
2016-Feb-17,311,28,7
2016-Feb-17,62,12,12
2016-Feb-17,298,2,0
2016-Feb-17,353,3,3
2016-Feb-17,43,1,0
2016-Feb-17,69,5,4
2016-Feb-17,70,3,3
2016-Feb-17,265,18,0
2016-Feb-17,341,11,0
2016-Feb-17,347,12,0
2016-Feb-17,301,13,4
2016-Feb-17,103,33,0
2016-Feb-17,108,5,4
2016-Feb-17,254,4,0
2016-Feb-17,119,28,0
2016-Feb-17,124,7,0
2016-Feb-17,125,3,0
2016-Feb-17,127,15,9
2016-Feb-17,134,60,0
2016-Feb-17,342,15,8
2016-Feb-17,136,5,5
2016-Feb-17,142,8,0
2016-Feb-17,340,12,0
2016-Feb-17,147,24,2
2016-Feb-17,149,1,1
2016-Feb-17,339,25,0
2016-Feb-17,309,13,0
2016-Feb-17,352,5,0
2016-Feb-17,353,3,2
2016-Feb-17,255,4,5
2016-Feb-17,156,3,2
2016-Feb-17,157,29,0
2016-Feb-17,282,7,0
2016-Feb-17,160,64,0
2016-Feb-17,338,7,0
2016-Feb-17,161,33,0
2016-Feb-17,165,23,1
2016-Feb-17,297,73,0
2016-Feb-17,169,3,3
2016-Feb-17,171,2,1
2016-Feb-17,172,22,0
2016-Feb-17,288,63,0
2016-Feb-17,174,7,2
2016-Feb-17,307,3,0
2016-Feb-17,344,6,0
2016-Feb-17,184,1,0
2016-Feb-17,348,1,0
2016-Feb-17,270,29,0
2016-Feb-17,194,13,0
2016-Feb-17,305,2,3
2016-Feb-17,349,1,1
2016-Feb-17,350,18,0
2016-Feb-17,199,40,1
2016-Feb-17,355,11,6
2016-Feb-17,351,5,5
2016-Feb-17,356,3,1
2016-Feb-17,214,5,5
2016-Feb-17,289,78,0
2016-Feb-17,343,29,0
2016-Feb-17,216,32,3
2016-Feb-17,219,33,22
2016-Feb-17,217,3,3
2016-Feb-17,332,28,0
2016-Feb-17,313,1,0
2016-Feb-17,325,13,11
2016-Feb-17,239,22,0
2016-Feb-17,240,96,0
2016-Feb-17,291,6,6
2016-Feb-17,326,1,1
2016-Feb-17,257,7,7
2016-Mar-29,10,32,0
2016-Mar-29,286,6,1
2016-Mar-29,18,17,0
2016-Mar-29,310,13,0
2016-Mar-29,20,5,0
2016-Mar-29,28,39,0
2016-Mar-29,36,4,0
2016-Mar-29,43,2,1
2016-Mar-29,314,6,2
2016-Mar-29,283,34,18
2016-Mar-29,269,31,0
2016-Mar-29,311,15,3
2016-Mar-29,62,20,12
2016-Mar-29,70,7,5
2016-Mar-29,355,6,3
2016-Mar-29,265,14,0
2016-Mar-29,341,35,0
2016-Mar-29,347,7,0
2016-Mar-29,301,7,2
2016-Mar-29,9,4,0
2016-Mar-29,6,5,0
2016-Mar-29,352,1,0
2016-Mar-29,103,21,0
2016-Mar-29,108,14,12
2016-Mar-29,119,30,0
2016-Mar-29,124,16,0
2016-Mar-29,125,4,0
2016-Mar-29,127,19,17
2016-Mar-29,134,36,0
2016-Mar-29,342,8,8
2016-Mar-29,136,4,4
2016-Mar-29,257,5,5
2016-Mar-29,351,5,4
2016-Mar-29,142,28,0
2016-Mar-29,340,23,0
2016-Mar-29,147,45,3
2016-Mar-29,353,4,0
2016-Mar-29,149,4,3
2016-Mar-29,339,38,0
2016-Mar-29,309,51,0
2016-Mar-29,255,2,3
2016-Mar-29,156,4,4
2016-Mar-29,157,32,0
2016-Mar-29,160,35,2
2016-Mar-29,338,41,3
2016-Mar-29,161,35,0
2016-Mar-29,165,29,6
2016-Mar-29,297,33,0
2016-Mar-29,169,9,13
2016-Mar-29,357,5,1
2016-Mar-29,358,6,0
2016-Mar-29,172,30,0
2016-Mar-29,288,38,0
2016-Mar-29,174,3,2
2016-Mar-29,307,7,1
2016-Mar-29,344,6,0
2016-Mar-29,184,1,0
2016-Mar-29,348,5,3
2016-Mar-29,270,23,0
2016-Mar-29,194,24,0
2016-Mar-29,349,1,1
2016-Mar-29,350,17,0
2016-Mar-29,199,33,0
2016-Mar-29,208,4,3
2016-Mar-29,214,4,4
2016-Mar-29,289,61,0
2016-Mar-29,343,32,0
2016-Mar-29,216,44,3
2016-Mar-29,217,1,1
2016-Mar-29,219,20,20
2016-Mar-29,332,12,0
2016-Mar-29,239,12,0
2016-Mar-29,240,74,0
2016-Mar-29,291,2,2
2016-Mar-29,176,0,1
2016-Mar-29,360,8,0
2016-Mar-29,82,3,0
2016-Mar-29,65,41,0
2016-Mar-29,359,1,0
2016-Jun-13,6,5,0
2016-Jun-13,9,5,0
2016-Jun-13,10,64,0
2016-Jun-13,286,4,1
2016-Jun-13,18,29,0
2016-Jun-13,310,55,29
2016-Jun-13,20,29,0
2016-Jun-13,319,4,8
2016-Jun-13,28,76,0
2016-Jun-13,36,24,0
2016-Jun-13,314,10,4
2016-Jun-13,283,55,17
2016-Jun-13,360,32,0
2016-Jun-13,269,23,0
2016-Jun-13,311,50,5
2016-Jun-13,62,20,11
2016-Jun-13,65,61,0
2016-Jun-13,70,8,6
2016-Jun-13,107,11,8
2016-Jun-13,355,6,3
2016-Jun-13,265,30,0
2016-Jun-13,341,52,0
2016-Jun-13,347,4,0
2016-Jun-13,301,31,21
2016-Jun-13,103,40,0
2016-Jun-13,108,29,23
2016-Jun-13,254,6,0
2016-Jun-13,119,24,0
2016-Jun-13,124,24,0
2016-Jun-13,125,63,0
2016-Jun-13,127,22,16
2016-Jun-13,134,36,1
2016-Jun-13,342,4,1
2016-Jun-13,136,5,5
2016-Jun-13,257,6,6
2016-Jun-13,351,7,7
2016-Jun-13,142,62,2
2016-Jun-13,340,29,0
2016-Jun-13,147,65,3
2016-Jun-13,357,3,0
2016-Jun-13,149,1,0
2016-Jun-13,339,72,0
2016-Jun-13,309,40,0
2016-Jun-13,156,11,9
2016-Jun-13,157,28,0
2016-Jun-13,361,5,0
2016-Jun-13,160,63,2
2016-Jun-13,338,36,0
2016-Jun-13,161,50,0
2016-Jun-13,165,48,5
2016-Jun-13,297,40,0
2016-Jun-13,169,22,22
2016-Jun-13,172,20,0
2016-Jun-13,288,43,0
2016-Jun-13,174,8,4
2016-Jun-13,307,6,0
2016-Jun-13,344,1,0
2016-Jun-13,184,1,0
2016-Jun-13,348,5,6
2016-Jun-13,352,8,0
2016-Jun-13,270,26,0
2016-Jun-13,194,25,0
2016-Jun-13,350,33,0
2016-Jun-13,199,36,3
2016-Jun-13,208,2,1
2016-Jun-13,214,6,6
2016-Jun-13,289,95,0
2016-Jun-13,343,32,0
2016-Jun-13,216,53,2
2016-Jun-13,217,3,3
2016-Jun-13,219,50,46
2016-Jun-13,362,32,0
2016-Jun-13,363,1,2
2016-Jun-13,138,20,21
2016-Jun-13,313,1,0
2016-Jun-13,239,16,0
2016-Jun-13,240,81,0
2016-Jun-13,291,4,4
2016-Jun-13,326,2,1
2016-Jun-13,358,12,0
2016-Jun-13,364,8,0
2016-Jun-13,365,1,0
2016-Jun-13,284,4,2
2016-Aug-30,10,59,0
2016-Aug-30,107,35,22
2016-Aug-30,286,4,1
2016-Aug-30,18,25,0
2016-Aug-30,310,28,16
2016-Aug-30,20,16,0
2016-Aug-30,319,7,12
2016-Aug-30,362,33,0
2016-Aug-30,28,69,0
2016-Aug-30,36,8,0
2016-Aug-30,314,8,4
2016-Aug-30,283,48,5
2016-Aug-30,311,2,0
2016-Aug-30,358,4,0
2016-Aug-30,62,2,3
2016-Aug-30,70,4,4
2016-Aug-30,355,6,0
2016-Aug-30,265,36,0
2016-Aug-30,341,13,0
2016-Aug-30,347,8,2
2016-Aug-30,301,28,21
2016-Aug-30,366,1,1
2016-Aug-30,367,7,0
2016-Aug-30,368,10,7
2016-Aug-30,103,22,0
2016-Aug-30,108,28,25
2016-Aug-30,284,17,9
2016-Aug-30,119,32,0
2016-Aug-30,125,27,0
2016-Aug-30,127,38,21
2016-Aug-30,364,10,0
2016-Aug-30,138,55,44
2016-Aug-30,142,75,0
2016-Aug-30,340,23,0
2016-Aug-30,147,45,10
2016-Aug-30,361,21,0
2016-Aug-30,149,5,5
2016-Aug-30,339,46,3
2016-Aug-30,309,3,2
2016-Aug-30,156,15,9
2016-Aug-30,160,39,0
2016-Aug-30,338,19,0
2016-Aug-30,161,37,0
2016-Aug-30,165,48,9
2016-Aug-30,297,4,0
2016-Aug-30,169,10,18
2016-Aug-30,268,5,5
2016-Aug-30,369,9,0
2016-Aug-30,172,12,0
2016-Aug-30,288,6,0
2016-Aug-30,174,12,6
2016-Aug-30,307,4,0
2016-Aug-30,352,4,0
2016-Aug-30,270,9,0
2016-Aug-30,194,56,1
2016-Aug-30,350,31,0
2016-Aug-30,199,27,0
2016-Aug-30,214,1,1
2016-Aug-30,289,96,0
2016-Aug-30,343,11,0
2016-Aug-30,216,16,0
2016-Aug-30,219,14,13
2016-Aug-30,240,9,0
2016-Aug-30,291,5,4
2016-Aug-30,326,3,0
2016-Aug-30,370,1,0
2016-Aug-30,372,4,0
2016-Aug-30,187,2,1
2016-Aug-30,371,1,0
2016-Sep-30,10,32,0
2016-Sep-30,107,6,2
2016-Sep-30,371,3,3
2016-Sep-30,310,15,9
2016-Sep-30,20,7,0
2016-Sep-30,319,1,2
2016-Sep-30,28,44,0
2016-Sep-30,314,19,10
2016-Sep-30,283,2,2
2016-Sep-30,311,5,7
2016-Sep-30,358,7,1
2016-Sep-30,62,10,6
2016-Sep-30,355,2,2
2016-Sep-30,367,2,0
2016-Sep-30,265,10,0
2016-Sep-30,341,14,0
2016-Sep-30,347,2,0
2016-Sep-30,301,14,12
2016-Sep-30,103,5,0
2016-Sep-30,376,21,0
2016-Sep-30,377,8,0
2016-Sep-30,374,44,0
2016-Sep-30,373,10,7
2016-Sep-30,378,3,1
2016-Sep-30,108,13,12
2016-Sep-30,372,8,0
2016-Sep-30,284,3,2
2016-Sep-30,119,21,1
2016-Sep-30,127,19,12
2016-Sep-30,138,14,12
2016-Sep-30,142,40,1
2016-Sep-30,340,16,0
2016-Sep-30,147,27,6
2016-Sep-30,361,7,1
2016-Sep-30,339,11,0
2016-Sep-30,156,22,22
2016-Sep-30,160,2,0
2016-Sep-30,338,11,0
2016-Sep-30,161,24,0
2016-Sep-30,165,16,2
2016-Sep-30,297,24,0
2016-Sep-30,169,3,4
2016-Sep-30,174,6,2
2016-Sep-30,307,1,0
2016-Sep-30,270,5,0
2016-Sep-30,194,13,2
2016-Sep-30,350,23,0
2016-Sep-30,360,2,0
2016-Sep-30,379,41,0
2016-Sep-30,349,2,1
2016-Sep-30,380,9,9
2016-Sep-30,369,6,0
2016-Sep-30,199,13,0
2016-Sep-30,289,10,0
2016-Sep-30,343,30,7
2016-Sep-30,291,1,1
2016-Sep-30,326,2,1
2016-Sep-30,313,5,0
2016-Sep-30,381,2,0
2016-Sep-30,375,4,0
2016-Dec-07,10,66,0
2016-Dec-07,107,3,2
2016-Dec-07,371,1,1
2016-Dec-07,310,1,0
2016-Dec-07,20,22,0
2016-Dec-07,319,15,28
2016-Dec-07,28,103,0
2016-Dec-07,314,25,9
2016-Dec-07,360,8,0
2016-Dec-07,311,1,0
2016-Dec-07,358,15,11
2016-Dec-07,62,13,5
2016-Dec-07,355,5,5
2016-Dec-07,265,23,0
2016-Dec-07,341,63,0
2016-Dec-07,377,17,0
2016-Dec-07,269,46,0
2016-Dec-07,347,17,0
2016-Dec-07,301,17,8
2016-Dec-07,103,4,0
2016-Dec-07,108,25,16
2016-Dec-07,372,10,0
2016-Dec-07,284,14,8
2016-Dec-07,119,15,0
2016-Dec-07,127,23,11
2016-Dec-07,374,35,3
2016-Dec-07,138,9,2
2016-Dec-07,375,17,0
2016-Dec-07,142,69,0
2016-Dec-07,340,24,0
2016-Dec-07,147,94,1
2016-Dec-07,378,13,4
2016-Dec-07,149,2,1
2016-Dec-07,339,37,0
2016-Dec-07,309,13,2
2016-Dec-07,156,35,18
2016-Dec-07,160,2,0
2016-Dec-07,338,36,0
2016-Dec-07,161,27,0
2016-Dec-07,376,24,0
2016-Dec-07,165,40,1
2016-Dec-07,297,39,0
2016-Dec-07,172,15,0
2016-Dec-07,361,14,6
2016-Dec-07,329,1,1
2016-Dec-07,174,15,8
2016-Dec-07,307,3,0
2016-Dec-07,352,7,0
2016-Dec-07,187,1,0
2016-Dec-07,379,67,0
2016-Dec-07,194,42,2
2016-Dec-07,349,3,2
2016-Dec-07,373,5,4
2016-Dec-07,350,38,0
2016-Dec-07,369,5,0
2016-Dec-07,199,35,0
2016-Dec-07,289,85,0
2016-Dec-07,343,75,0
2016-Dec-07,313,16,1
2016-Dec-07,326,0,1
2016-Dec-07,382,3,0
2016-Dec-07,383,2,1
2017-Feb-08,10,48,0
2017-Feb-08,107,2,1
2017-Feb-08,310,7,5
2017-Feb-08,20,15,0
2017-Feb-08,319,1,1
2017-Feb-08,28,72,8
2017-Feb-08,314,9,3
2017-Feb-08,360,4,0
2017-Feb-08,269,31,0
2017-Feb-08,311,4,2
2017-Feb-08,358,11,0
2017-Feb-08,62,28,18
2017-Feb-08,355,2,2
2017-Feb-08,265,21,1
2017-Feb-08,341,17,0
2017-Feb-08,377,3,0
2017-Feb-08,347,15,3
2017-Feb-08,301,10,8
2017-Feb-08,103,1,0
2017-Feb-08,108,12,12
2017-Feb-08,284,15,7
2017-Feb-08,119,5,0
2017-Feb-08,127,8,4
2017-Feb-08,370,7,0
2017-Feb-08,216,20,8
2017-Feb-08,214,2,2
2017-Feb-08,374,41,12
2017-Feb-08,138,24,20
2017-Feb-08,375,18,0
2017-Feb-08,142,49,0
2017-Feb-08,340,10,0
2017-Feb-08,147,49,11
2017-Feb-08,378,7,9
2017-Feb-08,339,15,0
2017-Feb-08,309,17,0
2017-Feb-08,156,27,20
2017-Feb-08,160,40,0
2017-Feb-08,338,33,0
2017-Feb-08,161,8,0
2017-Feb-08,376,6,0
2017-Feb-08,165,31,7
2017-Feb-08,297,39,0
2017-Feb-08,172,6,1
2017-Feb-08,361,5,4
2017-Feb-08,174,3,1
2017-Feb-08,307,3,0
2017-Feb-08,352,29,0
2017-Feb-08,187,1,0
2017-Feb-08,379,43,0
2017-Feb-08,194,13,0
2017-Feb-08,373,12,12
2017-Feb-08,350,21,0
2017-Feb-08,369,7,0
2017-Feb-08,199,28,0
2017-Feb-08,289,64,0
2017-Feb-08,380,7,6
2017-Feb-08,343,35,1
2017-Feb-08,313,7,1
2017-Feb-08,134,5,0
2017-Feb-08,18,4,0
2017-Feb-08,235,3,0
2017-Feb-08,384,19,0
2017-Feb-08,217,9,9
2017-Apr-03,107,3,1
2017-Apr-03,10,48,0
2017-Apr-03,18,13,0
2017-Apr-03,310,29,10
2017-Apr-03,20,25,0
2017-Apr-03,28,71,5
2017-Apr-03,370,10,0
2017-Apr-03,314,13,4
2017-Apr-03,269,2,0
2017-Apr-03,311,9,3
2017-Apr-03,358,13,4
2017-Apr-03,62,7,7
2017-Apr-03,355,5,0
2017-Apr-03,265,27,0
2017-Apr-03,341,8,0
2017-Apr-03,377,13,0
2017-Apr-03,347,13,0
2017-Apr-03,301,4,4
2017-Apr-03,108,14,13
2017-Apr-03,284,5,3
2017-Apr-03,119,14,12
2017-Apr-03,127,41,21
2017-Apr-03,134,3,0
2017-Apr-03,382,4,0
2017-Apr-03,385,7,0
2017-Apr-03,386,8,4
2017-Apr-03,374,57,0
2017-Apr-03,138,11,9
2017-Apr-03,375,15,5
2017-Apr-03,142,46,0
2017-Apr-03,340,13,0
2017-Apr-03,147,51,9
2017-Apr-03,378,5,7
2017-Apr-03,339,36,1
2017-Apr-03,309,50,0
2017-Apr-03,156,12,6
2017-Apr-03,160,54,0
2017-Apr-03,338,25,0
2017-Apr-03,161,32,0
2017-Apr-03,376,22,0
2017-Apr-03,165,60,0
2017-Apr-03,297,40,0
2017-Apr-03,172,15,0
2017-Apr-03,361,14,11
2017-Apr-03,174,11,5
2017-Apr-03,307,1,0
2017-Apr-03,352,8,0
2017-Apr-03,187,2,0
2017-Apr-03,379,59,59
2017-Apr-03,194,14,0
2017-Apr-03,373,7,6
2017-Apr-03,350,12,0
2017-Apr-03,369,6,0
2017-Apr-03,199,33,0
2017-Apr-03,214,4,4
2017-Apr-03,343,13,0
2017-Apr-03,387,6,0
2017-Apr-03,388,1,1
2017-Apr-03,149,1,0
2017-Apr-03,216,30,4
2017-Apr-03,217,3,5
2017-Apr-03,384,18,0
2017-Apr-03,313,18,0
2017-Apr-03,286,1,1
2017-May-29,374,36,0
2017-May-29,10,45,0
2017-May-29,310,23,19
2017-May-29,20,18,0
2017-May-29,319,5,4
2017-May-29,28,58,6
2017-May-29,370,9,0
2017-May-29,314,10,5
2017-May-29,360,6,0
2017-May-29,311,4,1
2017-May-29,358,5,0
2017-May-29,62,3,6
2017-May-29,355,2,2
2017-May-29,265,27,0
2017-May-29,341,28,0
2017-May-29,347,11,6
2017-May-29,301,8,7
2017-May-29,108,16,11
2017-May-29,284,5,4
2017-May-29,400,1,0
2017-May-29,399,36,26
2017-May-29,401,3,1
2017-May-29,119,30,14
2017-May-29,387,18,1
2017-May-29,127,41,19
2017-May-29,134,11,0
2017-May-29,138,11,11
2017-May-29,375,12,6
2017-May-29,142,38,0
2017-May-29,340,2,0
2017-May-29,147,60,15
2017-May-29,386,8,1
2017-May-29,378,12,1
2017-May-29,339,8,0
2017-May-29,309,38,2
2017-May-29,156,14,8
2017-May-29,160,29,0
2017-May-29,338,20,0
2017-May-29,161,5,0
2017-May-29,376,26,0
2017-May-29,165,55,0
2017-May-29,297,25,0
2017-May-29,172,18,0
2017-May-29,361,6,5
2017-May-29,174,4.2
2017-May-29,307,3,0
2017-May-29,352,7,0
2017-May-29,379,20,0
2017-May-29,388,18,10
2017-May-29,194,5,0
2017-May-29,373,7,7
2017-May-29,402,1,1
2017-May-29,350,1,0
2017-May-29,369,10,0
2017-May-29,199,14,0
2017-May-29,343,25,0
2017-May-29,380,1,1
2017-May-29,216,44,4
2017-May-29,217,6,6
2017-May-29,384,69,0
2017-May-29,313,10,2
2017-May-29,382,3,0